estrategia,semente,geracao,media,desvio,diversidade,fracao_viavel,melhor_valor_viavel
A,0,0,59.69,94.31104866345194,0.501979797979798,0.3,253.0
A,0,1,80.32,99.1249595207988,0.49388552188552187,0.41,253.0
A,0,2,108.65,102.15325496527265,0.48218181818181816,0.55,253.0
A,0,3,115.38,100.71472384909765,0.4672996632996633,0.58,255.0
A,0,4,132.43,95.62502339868995,0.4397845117845118,0.68,255.0
A,0,5,122.81,99.88119893153066,0.4421010101010101,0.63,255.0
A,0,6,126.68,100.22583299728667,0.428956228956229,0.64,255.0
A,0,7,123.43,100.46763210109016,0.44255892255892254,0.63,255.0
A,0,8,125.2,100.7327156389621,0.4368080808080808,0.63,256.0
A,0,9,132.79,93.39992451817078,0.43617508417508416,0.71,256.0
A,0,10,124.12,100.66700353144519,0.417979797979798,0.63,258.0
A,0,11,155.16,96.58226752359876,0.4083905723905724,0.75,258.0
A,0,12,156.3,96.18955244723826,0.4074074074074074,0.74,258.0
A,0,13,135.8,102.50824357094409,0.4095084175084175,0.65,258.0
A,0,14,137.77,100.66020613926837,0.4029090909090909,0.67,259.0
A,0,15,127.96,100.21595880896415,0.4122693602693603,0.64,259.0
A,0,16,149.17,97.18549840382566,0.41076094276094277,0.72,259.0
A,0,17,136.86,101.30538189059848,0.4021952861952862,0.66,259.0
A,0,18,145.35,97.27480403475506,0.3902895622895623,0.71,259.0
A,0,19,152.08,99.84084134260888,0.371003367003367,0.72,259.0
A,0,20,133.48,106.24278610804592,0.3706531986531987,0.63,263.0
A,0,21,142.08,107.49945860328786,0.37357575757575756,0.65,263.0
A,0,22,137.04,106.22776661494866,0.362989898989899,0.64,263.0
A,0,23,149.5,101.4879795837911,0.38711111111111113,0.7,263.0
A,0,24,130.52,106.97434084863528,0.41414141414141414,0.61,263.0
A,0,25,142.01,101.71543589839254,0.412026936026936,0.68,263.0
A,0,26,132.68,104.20459490828608,0.4078114478114478,0.64,263.0
A,0,27,138.07,104.22775590023994,0.4104107744107744,0.65,263.0
A,0,28,141.88,105.50822527177678,0.4362020202020202,0.66,263.0
A,0,29,130.32,107.22190820909688,0.41684848484848486,0.61,263.0
A,0,30,148.89,99.83865934596679,0.41904377104377105,0.71,263.0
A,0,31,139.41,99.34063569355695,0.4137777777777778,0.68,263.0
A,0,32,151.55,92.53122445963848,0.4156632996632997,0.76,263.0
A,0,33,147.06,98.2642172919522,0.4157845117845118,0.71,263.0
A,0,34,129.15,95.58581223173239,0.4338989898989899,0.67,263.0
A,0,35,155.02,93.7321695043916,0.425010101010101,0.76,263.0
A,0,36,138.17,106.85935195386504,0.39865319865319865,0.64,263.0
A,0,37,133.86,105.01714336240536,0.3907340067340067,0.64,263.0
A,0,38,155.52,99.57635060595462,0.38711111111111113,0.73,265.0
A,0,39,153.4,102.77013184773094,0.38455218855218853,0.71,265.0
A,0,40,136.78,107.47051502621545,0.3784511784511784,0.64,265.0
A,0,41,140.79,98.33730675587978,0.38096969696969696,0.69,265.0
A,0,42,149.02,99.3956719379672,0.3716498316498317,0.71,265.0
A,0,43,153.38,99.0141181852366,0.362020202020202,0.73,265.0
A,0,44,144.14,101.50862229387215,0.3783973063973064,0.69,265.0
A,0,45,141.13,101.2967575986517,0.36814814814814817,0.68,265.0
A,0,46,133.4,102.12325885908656,0.3595555555555556,0.65,265.0
A,0,47,167.64,92.12030395086634,0.36134680134680136,0.79,265.0
A,0,48,137.84,103.39900579792825,0.37397979797979797,0.66,265.0
A,0,49,145.67,102.91404714615007,0.3480808080808081,0.69,265.0
A,0,50,157.05,104.24052714755426,0.3148821548821549,0.71,265.0
A,0,51,174.37,100.51225348185166,0.2852255892255892,0.76,265.0
A,0,52,155.79,109.44681767872468,0.28103703703703703,0.68,265.0
A,0,53,143.23,108.71898224321271,0.30084848484848487,0.65,265.0
A,0,54,132.56,107.7261639528671,0.32245117845117843,0.62,265.0
A,0,55,144.11,107.62303610287158,0.2704781144781145,0.66,265.0
A,0,56,163.84,104.57970357578951,0.2775353535353535,0.73,265.0
A,0,57,142.99,112.31121894094107,0.2745723905723906,0.63,265.0
A,0,58,140.47,110.34749249529867,0.26526599326599326,0.63,265.0
A,0,59,164.84,96.44290746343145,0.2858989898989899,0.77,265.0
A,0,60,154.41,103.84913047300878,0.29348148148148145,0.71,265.0
A,0,61,156.29,109.77279216636516,0.27764309764309764,0.68,265.0
A,0,62,129.09,112.31928552123183,0.2841750841750842,0.58,265.0
A,0,63,144.62,107.85052433808562,0.31773737373737376,0.66,265.0
A,0,64,133.14,111.89808041248966,0.2907744107744108,0.6,265.0
A,0,65,150.17,107.25465537681804,0.30763636363636365,0.68,265.0
A,0,66,154.47,105.75144963545418,0.29648484848484846,0.7,265.0
A,0,67,166.42,106.65347439253912,0.2847138047138047,0.72,265.0
A,0,68,151.24,113.29131652514238,0.25257912457912457,0.65,265.0
A,0,69,168.31,103.0880880606484,0.23606734006734006,0.74,265.0
A,0,70,144.53,111.05534250993962,0.2423973063973064,0.64,265.0
A,0,71,147.48,111.78152620178345,0.2698047138047138,0.65,265.0
A,0,72,156.9,105.9932545023503,0.26744781144781143,0.7,265.0
A,0,73,156.45,112.24155870264812,0.2610774410774411,0.67,265.0
A,0,74,147.59,108.62495983888786,0.270020202020202,0.66,265.0
A,0,75,154.96,100.50083780745311,0.30643771043771045,0.72,265.0
A,0,76,161.36,101.67049916273648,0.2922962962962963,0.73,265.0
A,0,77,136.51,109.27941205917973,0.29034343434343435,0.63,265.0
A,0,78,157.2,102.72983987138304,0.2914747474747475,0.72,265.0
A,0,79,162.28,102.67522388580412,0.297993265993266,0.73,265.0
A,0,80,147.08,105.32850326478584,0.31997306397306396,0.68,265.0
A,0,81,142.48,108.84635777094243,0.32342087542087544,0.65,265.0
A,0,82,146.85,104.8070011974391,0.32146801346801346,0.68,265.0
A,0,83,143.82,107.66748627139022,0.30936026936026934,0.66,265.0
A,0,84,151.11,104.058627225233,0.3162020202020202,0.7,265.0
A,0,85,153.31,104.35475025124636,0.32657239057239057,0.7,265.0
A,0,86,162.12,99.8938716839026,0.31913804713804717,0.74,265.0
A,0,87,158.36,109.39273467648573,0.31384511784511787,0.69,265.0
A,0,88,148.22,111.21920517608459,0.3017643097643098,0.65,265.0
A,0,89,147.52,108.89063136927804,0.3094141414141414,0.66,265.0
A,0,90,158.6,104.37681734944785,0.31527272727272726,0.71,265.0
A,0,91,152.39,109.44513648399365,0.32037710437710437,0.67,265.0
A,0,92,147.42,109.15128766991252,0.3242424242424242,0.66,265.0
A,0,93,145.85,103.43271967805931,0.31356228956228954,0.68,265.0
A,0,94,142.01,102.94556765592193,0.3242424242424242,0.67,265.0
A,0,95,170.48,94.35364115920487,0.3065050505050505,0.78,265.0
A,0,96,137.27,111.66170829787622,0.30944107744107746,0.61,265.0
A,0,97,133.65,109.33950566926852,0.3678518518518519,0.61,265.0
A,0,98,157.45,100.7271934484427,0.3643905723905724,0.73,265.0
A,0,99,141.4,107.24057068106269,0.32567003367003367,0.65,265.0
A,0,100,148.83,103.78208467746254,0.32232996632996636,0.69,265.0
A,0,101,149.32,107.11945481564028,0.3210909090909091,0.68,265.0
A,0,102,124.91,110.90113570202966,0.3448888888888889,0.58,265.0
A,0,103,139.41,108.67714525142809,0.3483097643097643,0.64,265.0
A,0,104,155.43,101.21613063143641,0.33714478114478114,0.72,265.0
A,0,105,134.86,105.74459986212061,0.3241077441077441,0.64,265.0
A,0,106,149.15,104.43307665677575,0.30896969696969695,0.69,265.0
A,0,107,162.27,100.03417965875462,0.3173468013468013,0.74,265.0
A,0,108,145.23,105.43982691563943,0.3262087542087542,0.67,265.0
A,0,109,158.38,97.66194550591341,0.34545454545454546,0.74,265.0
A,0,110,151.82,101.33926978225175,0.36517171717171715,0.71,265.0
A,0,111,164.73,97.2007052443551,0.36817508417508416,0.76,265.0
A,0,112,173.29,94.6768498631001,0.3187878787878788,0.79,265.0
A,0,113,135.85,113.73103138545784,0.3277845117845118,0.6,265.0
A,0,114,130.44,113.80099472324483,0.31543434343434346,0.58,265.0
A,0,115,159.16,108.71510658597543,0.2626936026936027,0.7,265.0
A,0,116,155.5,106.06257586915378,0.26810774410774413,0.71,265.0
A,0,117,156.02,108.41162114828833,0.28503703703703703,0.69,265.0
A,0,118,148.11,112.14025994262721,0.2848080808080808,0.65,265.0
A,0,119,149.81,106.66927345773009,0.2795151515151515,0.68,265.0
A,0,120,177.89,94.9992521023192,0.28433670033670033,0.79,265.0
A,0,121,159.4,101.97627174985365,0.2828686868686869,0.73,265.0
A,0,122,149.87,108.33565018035382,0.2865185185185185,0.67,265.0
A,0,123,166.43,99.11793530940805,0.2850909090909091,0.75,265.0
A,0,124,152.52,106.02306164226725,0.2795824915824916,0.69,265.0
A,0,125,163.52,105.50407385499385,0.2792188552188552,0.72,265.0
A,0,126,151.21,114.23994879200534,0.2542087542087542,0.65,265.0
A,0,127,140.86,114.4377577550347,0.27225589225589225,0.61,265.0
A,0,128,136.59,111.87082684954107,0.2855084175084175,0.61,265.0
A,0,129,148.31,107.94949698817499,0.2825858585858586,0.67,265.0
A,0,130,171.35,98.64444991990173,0.26975084175084174,0.77,265.0
A,0,131,153.87,104.13219050802685,0.281023569023569,0.71,265.0
A,0,132,165.23,104.27049966313578,0.28136026936026937,0.73,265.0
A,0,133,179.1,101.33069623761597,0.24531986531986533,0.77,265.0
A,0,134,148.5,114.091848963894,0.24313804713804713,0.64,265.0
A,0,135,148.35,110.89052033424677,0.2504107744107744,0.65,265.0
A,0,136,156.46,105.47287992654793,0.27915151515151515,0.7,265.0
A,0,137,147.59,105.86350598766319,0.30336700336700334,0.68,265.0
A,0,138,150.29,106.32114512174896,0.2917171717171717,0.68,265.0
A,0,139,148.94,103.59004006177427,0.3157037037037037,0.69,265.0
A,0,140,155.54,102.21481497317303,0.3035555555555556,0.72,265.0
A,0,141,156.75,104.41919124375558,0.29515151515151516,0.71,265.0
A,0,142,140.15,105.08771336364684,0.28095622895622896,0.66,265.0
A,0,143,157.3,99.05407614025785,0.29862626262626263,0.74,265.0
A,0,144,159.23,100.23830156182815,0.26661279461279463,0.74,265.0
A,0,145,171.98,96.87001393620216,0.24927946127946127,0.78,265.0
A,0,146,163.75,107.58256131920265,0.24006734006734007,0.71,265.0
A,0,147,162.49,107.19193019999221,0.25711784511784513,0.71,265.0
A,0,148,167.37,108.85151859298979,0.23893602693602695,0.71,265.0
A,0,149,163.17,105.49246939947892,0.22327272727272726,0.72,265.0
A,0,150,159.92,107.52782709605918,0.24774410774410774,0.7,265.0
A,0,151,156.18,105.84256043766136,0.26082154882154884,0.7,265.0
A,0,152,154.07,104.77177625677632,0.2775892255892256,0.7,265.0
A,0,153,156.64,104.09356560325907,0.2837171717171717,0.71,265.0
A,0,154,153.31,109.66683135752578,0.27950168350168353,0.68,265.0
A,0,155,170.02,104.08179283621128,0.25497643097643097,0.74,265.0
A,0,156,145.2,109.98672647187932,0.2853333333333333,0.65,265.0
A,0,157,158.96,107.38462832267942,0.2943030303030303,0.7,265.0
A,0,158,142.62,109.56201714097818,0.28599326599326597,0.64,265.0
A,0,159,145.5,109.97104164278885,0.28685521885521886,0.65,265.0
A,0,160,159.64,101.61471546975861,0.30315151515151517,0.73,265.0
A,0,161,164.45,101.3345326135173,0.2827205387205387,0.74,265.0
A,0,162,160.94,99.32721882746944,0.2901818181818182,0.74,265.0
A,0,163,164.46,100.42444124813441,0.2889292929292929,0.74,265.0
A,0,164,154.54,106.66184134919105,0.2967003367003367,0.69,265.0
A,0,165,159.36,103.73297643469023,0.2938585858585859,0.72,265.0
A,0,166,165.8,104.34740054261054,0.2961616161616162,0.73,265.0
A,0,167,148.46,110.32193073002304,0.31403367003367005,0.66,265.0
A,0,168,137.97,109.26833530350868,0.32686868686868686,0.63,265.0
A,0,169,147.55,108.39791280278416,0.32156228956228955,0.66,265.0
A,0,170,143.1,102.71129441302938,0.30113131313131314,0.68,265.0
A,0,171,164.28,93.73495399262752,0.32203367003367006,0.78,265.0
A,0,172,148.62,104.07735392485726,0.30443097643097644,0.69,265.0
A,0,173,142.58,105.78716179196792,0.304013468013468,0.66,265.0
A,0,174,135.82,105.97814680395199,0.2948148148148148,0.64,265.0
A,0,175,157.02,101.53275136624636,0.2885791245791246,0.72,265.0
A,0,176,149.11,110.06315414342802,0.2752996632996633,0.66,265.0
A,0,177,150.71,104.87061504539773,0.2795959595959596,0.69,265.0
A,0,178,157.41,103.9058318863768,0.28354208754208754,0.71,265.0
A,0,179,138.69,109.3707177447419,0.2971043771043771,0.63,265.0
A,0,180,160.94,100.7743836498145,0.29478787878787877,0.73,265.0
A,0,181,159.98,102.94619759855145,0.2963636363636364,0.72,265.0
A,0,182,144.46,108.5892646627649,0.30496969696969695,0.65,265.0
A,0,183,146.65,105.78803098649676,0.29534006734006735,0.67,265.0
A,0,184,158.92,100.31387541113143,0.31244444444444447,0.73,265.0
A,0,185,154.66,101.08463978270883,0.32884848484848483,0.72,265.0
A,0,186,145.62,105.99224311240893,0.3368754208754209,0.67,265.0
A,0,187,150.88,104.05530068189702,0.33210774410774413,0.7,265.0
A,0,188,153.25,103.66478428087332,0.3353265993265993,0.7,265.0
A,0,189,166.03,104.37848964226298,0.31261952861952863,0.73,265.0
A,0,190,159.13,104.38550234587179,0.29264646464646465,0.71,265.0
A,0,191,158.58,105.35854782598324,0.2865319865319865,0.71,265.0
A,0,192,147.6,109.17261561398993,0.29084175084175085,0.66,265.0
A,0,193,162.36,104.68070691392947,0.2792188552188552,0.72,265.0
A,0,194,160.05,103.60881960528263,0.28363636363636363,0.72,265.0
A,0,195,165.26,99.094361090831,0.29923232323232324,0.75,265.0
A,0,196,159.23,102.5864372127232,0.321037037037037,0.72,265.0
A,0,197,160.64,101.70059193534716,0.2981548821548822,0.73,265.0
A,0,198,158.9,98.84508080830325,0.3035151515151515,0.74,265.0
A,0,199,154.3,106.65031645522669,0.2768350168350168,0.69,265.0
A,0,200,156.38,103.78793571509166,0.2736026936026936,0.71,265.0
A,1,0,59.81,89.37434699062142,0.4990976430976431,0.33,249.0
A,1,1,98.14,92.83878715278438,0.4879191919191919,0.56,249.0
A,1,2,123.3,91.06365905233547,0.4691043771043771,0.68,255.0
A,1,3,138.82,91.39358620822361,0.46435016835016835,0.72,255.0
A,1,4,150.52,91.6970533877725,0.46324579124579124,0.75,264.0
A,1,5,142.37,97.63233634406176,0.43946127946127944,0.7,264.0
A,1,6,130.14,98.95746763130109,0.4281212121212121,0.65,264.0
A,1,7,141.62,98.24243278746715,0.40755555555555556,0.7,264.0
A,1,8,144.43,103.44527587086807,0.38925252525252524,0.69,264.0
A,1,9,141.25,109.31755348524774,0.36214141414141415,0.64,264.0
A,1,10,153.13,104.29205674450955,0.3474882154882155,0.7,264.0
A,1,11,145.84,106.11123597433027,0.32681481481481484,0.68,264.0
A,1,12,150.47,99.31348901332588,0.34623569023569023,0.72,264.0
A,1,13,166.42,94.88542353807564,0.33983838383838383,0.78,264.0
A,1,14,146.46,107.89313416524705,0.3384915824915825,0.67,264.0
A,1,15,132.51,110.37277698780619,0.31212121212121213,0.61,264.0
A,1,16,154.6,101.55008616441447,0.3091986531986532,0.72,264.0
A,1,17,148.47,107.34639770388198,0.32102356902356904,0.68,264.0
A,1,18,174.19,98.10501465266698,0.31803367003367006,0.78,264.0
A,1,19,144.6,111.93283700505405,0.3124983164983165,0.64,264.0
A,1,20,132.66,112.38533890147772,0.3061010101010101,0.59,264.0
A,1,21,145.19,109.14015713750828,0.2771851851851852,0.66,264.0
A,1,22,145.45,110.6554449631829,0.2932255892255892,0.65,264.0
A,1,23,136.29,111.02056521203627,0.3073535353535354,0.62,264.0
A,1,24,139.04,109.17068470976996,0.31085521885521883,0.63,264.0
A,1,25,142.07,107.22586022037781,0.35125925925925927,0.65,264.0
A,1,26,142.48,107.32515828080571,0.35134006734006734,0.65,264.0
A,1,27,139.47,108.34070841562742,0.33796632996632997,0.64,264.0
A,1,28,155.9,102.59371325768456,0.3143838383838384,0.72,264.0
A,1,29,149.41,106.23277225037481,0.31072053872053873,0.68,264.0
A,1,30,156.85,102.12701650395941,0.3089158249158249,0.72,264.0
A,1,31,169.43,96.9404203621998,0.2922962962962963,0.78,264.0
A,1,32,135.71,115.37177254424066,0.2898047138047138,0.59,264.0
A,1,33,150.23,106.40017434196243,0.28514478114478115,0.68,264.0
A,1,34,155.96,103.90004042347627,0.27640404040404043,0.71,264.0
A,1,35,162.65,105.02079555973665,0.2636363636363636,0.72,264.0
A,1,36,161.07,106.3842333243042,0.24277441077441078,0.71,264.0
A,1,37,143.49,106.524034377224,0.2736026936026936,0.66,264.0
A,1,38,174.24,94.58563527301595,0.2817777777777778,0.79,264.0
A,1,39,149.16,106.47053301266037,0.28425589225589226,0.68,264.0
A,1,40,160.29,104.62927840714566,0.25947474747474747,0.72,264.0
A,1,41,151.86,109.48981870475446,0.24795959595959596,0.67,264.0
A,1,42,154.93,108.96524721212724,0.2392996632996633,0.68,264.0
A,1,43,142.8,110.15761435325295,0.24094276094276093,0.64,264.0
A,1,44,155.58,105.99548858324113,0.274976430976431,0.7,264.0
A,1,45,133.72,112.13367736768468,0.2984646464646465,0.6,264.0
A,1,46,161.42,105.59196749753268,0.29503030303030303,0.72,264.0
A,1,47,152.25,110.62625140535134,0.24114478114478113,0.67,264.0
A,1,48,162.55,100.80589020488833,0.274976430976431,0.74,264.0
A,1,49,165.17,97.406268278792,0.2856026936026936,0.76,264.0
A,1,50,171.11,101.89964622117193,0.2574814814814815,0.75,264.0
A,1,51,144.36,108.68923773768955,0.26476767676767676,0.65,264.0
A,1,52,148.64,107.80208903356188,0.29055892255892257,0.67,264.0
A,1,53,147.52,104.81140014330501,0.30832323232323233,0.68,264.0
A,1,54,144.99,109.0194932110767,0.329023569023569,0.65,264.0
A,1,55,161.17,99.8467881306154,0.3280808080808081,0.74,264.0
A,1,56,156.11,105.17099362466817,0.32830976430976433,0.7,264.0
A,1,57,136.87,109.66983678295506,0.33516498316498317,0.62,265.0
A,1,58,162.84,104.9771136962719,0.3273400673400673,0.72,265.0
A,1,59,132.66,111.55108426187529,0.346020202020202,0.6,265.0
A,1,60,141.54,104.97422731318387,0.3452929292929293,0.67,265.0
A,1,61,173.24,94.84810172059325,0.33474747474747474,0.79,265.0
A,1,62,151.72,110.98261845892806,0.33156902356902357,0.66,265.0
A,1,63,162.82,105.25866995169567,0.33294276094276093,0.72,265.0
A,1,64,147.67,110.92646708518214,0.325979797979798,0.65,265.0
A,1,65,164.5,104.3263629194462,0.27284848484848484,0.73,265.0
A,1,66,149.27,111.24629027522668,0.2583030303030303,0.66,265.0
A,1,67,150.51,109.89890763788328,0.23426262626262626,0.67,265.0
A,1,68,175.61,101.92496210448155,0.19917845117845118,0.76,265.0
A,1,69,144.45,112.05323511617145,0.22764983164983166,0.64,265.0
A,1,70,166.11,107.06679177037108,0.22527946127946127,0.72,265.0
A,1,71,149.9,112.70967127979746,0.23276767676767676,0.65,265.0
A,1,72,157.13,109.3908273119826,0.2169023569023569,0.69,265.0
A,1,73,144.54,109.81378966231881,0.23272727272727273,0.65,265.0
A,1,74,155.63,107.64252458949483,0.22914478114478115,0.69,265.0
A,1,75,146.98,109.5928811556663,0.25866666666666666,0.66,265.0
A,1,76,169.33,103.29860163622737,0.2698316498316498,0.74,265.0
A,1,77,144.34,110.74106916586999,0.2903030303030303,0.64,265.0
A,1,78,126.64,107.28760599435519,0.3183838383838384,0.6,265.0
A,1,79,146.92,107.2551798282955,0.32662626262626265,0.67,265.0
A,1,80,140.79,109.60422391495685,0.30556228956228954,0.64,265.0
A,1,81,151.39,108.72919525132153,0.2682289562289562,0.68,265.0
A,1,82,145.88,109.7444558964142,0.2828148148148148,0.65,265.0
A,1,83,161.95,104.70313987650991,0.2688350168350168,0.72,265.0
A,1,84,160.13,102.48225748879656,0.252013468013468,0.72,265.0
A,1,85,176.88,96.79620653723987,0.24832323232323233,0.79,265.0
A,1,86,162.72,107.84897588758088,0.24531986531986533,0.71,265.0
A,1,87,151.1,113.07727446308563,0.24131986531986532,0.65,265.0
A,1,88,149.69,110.8775626535865,0.2718922558922559,0.66,265.0
A,1,89,153.53,114.55893286863316,0.27301010101010104,0.65,265.0
A,1,90,147.38,115.22358959865812,0.2769158249158249,0.63,265.0
A,1,91,170.41,108.38275646983703,0.22402693602693602,0.73,265.0
A,1,92,167.5,107.34332769203682,0.2246195286195286,0.72,265.0
A,1,93,164.61,109.69347245848314,0.24596632996632997,0.7,265.0
A,1,94,162.32,108.514596253223,0.25905723905723904,0.7,265.0
A,1,95,152.48,109.79002504781569,0.27284848484848484,0.67,265.0
A,1,96,156.34,105.47779102730584,0.25173063973063975,0.71,265.0
A,1,97,165.63,103.97265553981006,0.2624915824915825,0.73,265.0
A,1,98,158.34,104.56645924960833,0.27301010101010104,0.71,265.0
A,1,99,153.91,106.29685743238132,0.2778855218855219,0.69,265.0
A,1,100,166.56,102.97614481033943,0.26482154882154885,0.74,265.0
A,1,101,143.58,115.49261275077293,0.24645117845117845,0.62,265.0
A,1,102,143.81,108.37210849660532,0.24813468013468012,0.65,265.0
A,1,103,174.45,97.9286857871584,0.25663299663299666,0.78,265.0
A,1,104,160.99,110.46705345939122,0.25787205387205386,0.69,265.0
A,1,105,135.66,111.14344065215904,0.2646329966329966,0.61,265.0
A,1,106,147.54,110.76700050105175,0.24794612794612794,0.65,265.0
A,1,107,159.9,108.2528983445709,0.26821548821548824,0.7,265.0
A,1,108,143.79,109.309587411169,0.27074747474747474,0.65,265.0
A,1,109,157.08,102.70235440339233,0.28055218855218855,0.72,265.0
A,1,110,159.68,99.90063863659731,0.30948148148148147,0.74,265.0
A,1,111,129.99,108.56900985087779,0.31538047138047137,0.6,265.0
A,1,112,164.41,96.21996622323249,0.3062895622895623,0.76,265.0
A,1,113,155.35,100.8670783754541,0.3011178451178451,0.72,265.0
A,1,114,150.58,103.01584150022752,0.29868013468013466,0.7,265.0
A,1,115,141.43,107.29485122781988,0.3084983164983165,0.65,265.0
A,1,116,150.06,107.37875208811097,0.30895622895622893,0.68,265.0
A,1,117,135.48,111.65540560134113,0.31447811447811447,0.61,265.0
A,1,118,140.78,107.12670815440936,0.3218989898989899,0.66,265.0
A,1,119,124.41,109.68947944082878,0.32067340067340067,0.58,265.0
A,1,120,145.92,108.00330365317535,0.32242424242424245,0.67,265.0
A,1,121,145.57,107.99261595127696,0.30793265993265995,0.66,265.0
A,1,122,165.31,100.86681267889851,0.32032323232323234,0.74,265.0
A,1,123,159.75,98.7956856345458,0.316996632996633,0.74,265.0
A,1,124,166.66,94.59114334862436,0.3017643097643098,0.78,265.0
A,1,125,152.38,105.08204223367568,0.27765656565656566,0.69,265.0
A,1,126,161.34,103.33994580993354,0.2817777777777778,0.72,265.0
A,1,127,149.05,109.60003421532313,0.2832323232323232,0.66,265.0
A,1,128,148.27,107.86870306071174,0.285010101010101,0.67,265.0
A,1,129,141.42,109.56643464127141,0.3107878787878788,0.64,265.0
A,1,130,168.44,98.78029358126042,0.2913131313131313,0.76,265.0
A,1,131,142.66,107.6326363144562,0.3205387205387205,0.65,265.0
A,1,132,144.42,103.81331128521043,0.3157845117845118,0.68,265.0
A,1,133,159.86,102.6474568608497,0.33054545454545453,0.72,265.0
A,1,134,160.76,97.9147711022193,0.31795286195286193,0.75,265.0
A,1,135,154.35,104.3175320835381,0.3553939393939394,0.71,265.0
A,1,136,164.06,101.25875962108167,0.34084848484848485,0.74,265.0
A,1,137,135.89,111.25465338582472,0.31807407407407406,0.61,265.0
A,1,138,156.77,105.33364657126423,0.2886868686868687,0.7,265.0
A,1,139,155.3,105.5950282920555,0.2979124579124579,0.7,265.0
A,1,140,141.96,109.59981021881379,0.2894006734006734,0.64,265.0
A,1,141,159.51,105.28214426007861,0.2830841750841751,0.71,265.0
A,1,142,145.65,107.24228410473177,0.27465319865319865,0.67,265.0
A,1,143,154.65,107.60877055333361,0.2901818181818182,0.69,265.0
A,1,144,143.16,110.05932218581032,0.2962962962962963,0.64,265.0
A,1,145,163.86,100.8149810296069,0.30457912457912456,0.74,265.0
A,1,146,141.38,106.96558138018042,0.32065993265993264,0.65,265.0
A,1,147,138.0,107.52088169281352,0.3086868686868687,0.64,265.0
A,1,148,144.76,105.89118188026801,0.2990572390572391,0.67,265.0
A,1,149,136.25,104.38135609389255,0.3178451178451178,0.65,265.0
A,1,150,148.67,103.72425511904146,0.35054545454545455,0.69,265.0
A,1,151,138.23,107.24316808076867,0.31257912457912457,0.64,265.0
A,1,152,142.76,105.34259537338161,0.31577104377104376,0.66,265.0
A,1,153,156.56,102.08382046142276,0.319043771043771,0.71,265.0
A,1,154,157.84,99.16387648735804,0.3305723905723906,0.73,265.0
A,1,155,138.9,107.28872261332968,0.3244848484848485,0.65,265.0
A,1,156,152.0,105.14913218852546,0.316,0.69,265.0
A,1,157,165.49,95.27911575996075,0.3023164983164983,0.77,265.0
A,1,158,165.67,97.80031237168927,0.3048215488215488,0.76,265.0
A,1,159,137.29,111.1706161717205,0.3279326599326599,0.62,265.0
A,1,160,145.69,109.38772280288131,0.31348148148148147,0.65,265.0
A,1,161,124.19,111.26002831205822,0.33595959595959596,0.57,265.0
A,1,162,152.2,99.77995790738738,0.33465319865319865,0.72,265.0
A,1,163,138.46,102.04659915940364,0.3417777777777778,0.67,265.0
A,1,164,146.65,102.63102601065626,0.37004713804713807,0.69,265.0
A,1,165,145.09,105.05751710372752,0.3461683501683502,0.67,265.0
A,1,166,156.34,96.55767395707086,0.37226936026936025,0.74,265.0
A,1,167,158.86,98.42611645290086,0.33086868686868687,0.74,265.0
A,1,168,167.8,100.41613416179693,0.2921077441077441,0.75,265.0
A,1,169,152.91,106.9547656722224,0.28619528619528617,0.69,265.0
A,1,170,147.42,107.31832835075284,0.2866127946127946,0.67,265.0
A,1,171,160.06,104.99360170981849,0.26774410774410773,0.72,265.0
A,1,172,148.66,108.78237173365913,0.27086868686868687,0.67,265.0
A,1,173,153.82,106.31673245543244,0.28025589225589226,0.69,265.0
A,1,174,172.34,100.3659523942258,0.2700875420875421,0.76,265.0
A,1,175,142.43,110.04174253436739,0.27964983164983165,0.64,265.0
A,1,176,155.98,100.20259278082578,0.2926060606060606,0.73,265.0
A,1,177,154.71,106.85628619786485,0.2659393939393939,0.69,265.0
A,1,178,140.47,112.15823242187797,0.278020202020202,0.63,265.0
A,1,179,167.87,102.15112872602045,0.2834208754208754,0.74,265.0
A,1,180,163.86,103.67102005864513,0.2988148148148148,0.73,265.0
A,1,181,151.35,109.25148740406239,0.30373063973063974,0.67,265.0
A,1,182,139.33,109.51694435109118,0.30047138047138044,0.63,265.0
A,1,183,128.39,106.86092784549457,0.32855218855218854,0.61,265.0
A,1,184,134.81,102.00742080848825,0.35435690235690237,0.66,265.0
A,1,185,161.06,96.11470439011921,0.34505050505050505,0.76,265.0
A,1,186,155.99,103.45815530928434,0.3449292929292929,0.71,265.0
A,1,187,147.7,102.71625966710431,0.3683097643097643,0.69,265.0
A,1,188,135.23,108.05256637396448,0.36157575757575755,0.63,265.0
A,1,189,158.57,100.54543798701162,0.34809427609427607,0.73,265.0
A,1,190,143.97,101.84060634147855,0.35315824915824917,0.69,265.0
A,1,191,162.93,100.12924198254974,0.3283771043771044,0.75,265.0
A,1,192,173.1,100.61277254901586,0.3082558922558923,0.76,265.0
A,1,193,160.86,107.03896673641802,0.28475420875420876,0.71,265.0
A,1,194,143.89,112.91650853617463,0.2681212121212121,0.63,265.0
A,1,195,158.44,108.92293789647798,0.25951515151515153,0.69,265.0
A,1,196,138.37,112.90258234424932,0.2875690235690236,0.61,265.0
A,1,197,157.93,106.59167462799334,0.2948686868686869,0.7,265.0
A,1,198,156.76,107.31590003349923,0.2931178451178451,0.69,265.0
A,1,199,148.48,109.75249245461353,0.2978047138047138,0.66,265.0
A,1,200,156.06,106.1375353020787,0.3127946127946128,0.7,265.0
A,2,0,71.33,95.29638555580165,0.4993131313131313,0.37,236.0
A,2,1,105.31,97.81980320977956,0.4874074074074074,0.56,255.0
A,2,2,136.47,96.66896658183535,0.46894276094276094,0.69,255.0
A,2,3,142.53,94.18497279290366,0.4480808080808081,0.73,255.0
A,2,4,132.17,100.97624027463094,0.44215488215488213,0.67,255.0
A,2,5,112.46,100.322721254958,0.44383838383838387,0.6,256.0
A,2,6,132.23,91.66524477685095,0.442006734006734,0.71,256.0
A,2,7,151.0,89.93775625397824,0.41034343434343434,0.77,256.0
A,2,8,139.0,95.43353708209709,0.4232188552188552,0.71,265.0
A,2,9,148.23,98.67794637101038,0.4048080808080808,0.72,265.0
A,2,10,149.24,98.72336298971992,0.4056161616161616,0.72,265.0
A,2,11,138.63,103.22631980265498,0.38872727272727275,0.66,265.0
A,2,12,160.14,92.63552450329193,0.3788956228956229,0.77,265.0
A,2,13,143.48,102.80121400061383,0.3635016835016835,0.68,265.0
A,2,14,122.0,105.29529904036552,0.37132659932659934,0.59,265.0
A,2,15,145.84,100.20695784225764,0.3548686868686869,0.7,265.0
A,2,16,139.04,103.00203104793613,0.35408754208754206,0.66,265.0
A,2,17,156.71,97.58353293460942,0.3411313131313131,0.74,265.0
A,2,18,146.68,103.96479019360353,0.35675420875420877,0.68,265.0
A,2,19,132.08,107.84606436954479,0.3598114478114478,0.62,265.0
A,2,20,150.61,100.51327225794611,0.33863973063973063,0.71,265.0
A,2,21,147.4,102.00127450184141,0.3416161616161616,0.69,265.0
A,2,22,155.51,96.89814188104951,0.3644983164983165,0.74,265.0
A,2,23,143.26,102.08688652319651,0.38721885521885524,0.69,265.0
A,2,24,144.29,106.24342756142612,0.37975757575757574,0.66,265.0
A,2,25,127.55,106.75011709595451,0.3833804713804714,0.61,265.0
A,2,26,146.42,101.68856179531697,0.35294276094276095,0.7,265.0
A,2,27,140.05,106.73297288092373,0.3414276094276094,0.65,265.0
A,2,28,151.88,100.9729944093964,0.3485791245791246,0.71,265.0
A,2,29,149.45,102.77639563635222,0.34203367003367,0.69,265.0
A,2,30,145.36,103.5906868400823,0.3424107744107744,0.68,265.0
A,2,31,152.13,101.21162532041464,0.33676767676767677,0.71,265.0
A,2,32,150.77,99.34373206196754,0.3467205387205387,0.72,265.0
A,2,33,154.46,100.39466320477399,0.3541010101010101,0.72,265.0
A,2,34,163.39,100.78996924297577,0.3444848484848485,0.74,265.0
A,2,35,146.36,110.54533187792238,0.32715151515151514,0.65,265.0
A,2,36,146.66,109.06972265482294,0.29878787878787877,0.66,265.0
A,2,37,141.62,111.21661566510646,0.29325252525252526,0.63,265.0
A,2,38,149.31,107.74364900076478,0.3141952861952862,0.67,265.0
A,2,39,150.1,104.91420304229548,0.3117845117845118,0.69,265.0
A,2,40,163.79,97.96788198180056,0.2909225589225589,0.75,265.0
A,2,41,183.6,94.49529088795907,0.2863030303030303,0.8,265.0
A,2,42,172.12,101.78971264327255,0.2839326599326599,0.75,265.0
A,2,43,143.57,114.87404014832941,0.2918653198653199,0.62,265.0
A,2,44,148.2,109.36251643044795,0.3,0.66,265.0
A,2,45,157.73,103.24929588137634,0.31761616161616163,0.72,265.0
A,2,46,161.63,103.58056333115783,0.2965252525252525,0.73,265.0
A,2,47,152.35,107.43401463223833,0.3133468013468014,0.68,265.0
A,2,48,166.38,98.66263527800177,0.3093063973063973,0.76,265.0
A,2,49,156.48,107.4936723719122,0.29878787878787877,0.69,265.0
A,2,50,132.2,111.23326840473582,0.30774410774410776,0.6,265.0
A,2,51,149.27,109.63510888397018,0.2955690235690236,0.66,265.0
A,2,52,162.08,104.7250380759062,0.30157575757575755,0.72,265.0
A,2,53,152.61,109.61230724695106,0.2868821548821549,0.67,265.0
A,2,54,145.92,109.28519387364419,0.30903703703703705,0.65,265.0
A,2,55,133.23,109.61577030701376,0.3057104377104377,0.61,265.0
A,2,56,158.97,99.6494310069054,0.2825185185185185,0.73,265.0
A,2,57,147.22,108.89826261240351,0.31042424242424244,0.66,265.0
A,2,58,161.55,101.8246900314457,0.3094006734006734,0.73,265.0
A,2,59,152.59,107.82347564422138,0.32091582491582493,0.69,265.0
A,2,60,149.41,102.58509589604135,0.3303838383838384,0.7,265.0
A,2,61,169.18,97.45556731146765,0.30857912457912456,0.77,265.0
A,2,62,144.41,106.6837471220429,0.31912457912457914,0.66,265.0
A,2,63,138.83,105.56126704430937,0.3468013468013468,0.65,265.0
A,2,64,167.15,92.01417010439208,0.3421683501683502,0.79,265.0
A,2,65,143.07,101.27716968794101,0.36414814814814817,0.69,265.0
A,2,66,147.4,101.25798733927117,0.346989898989899,0.7,265.0
A,2,67,173.48,90.54186655906757,0.3690505050505051,0.8,265.0
A,2,68,141.27,106.41934551574727,0.37653872053872056,0.65,265.0
A,2,69,147.81,103.1207733679301,0.35438383838383836,0.69,265.0
A,2,70,152.1,104.38424210578913,0.3377104377104377,0.7,265.0
A,2,71,139.84,109.0385913335274,0.32674747474747473,0.64,265.0
A,2,72,149.96,108.23640053142935,0.31124579124579127,0.67,265.0
A,2,73,146.06,108.40717872908603,0.3122154882154882,0.66,265.0
A,2,74,148.77,107.24633839903346,0.323043771043771,0.67,265.0
A,2,75,146.17,109.40859701138663,0.32117171717171716,0.65,265.0
A,2,76,137.23,110.50066560885503,0.3350841750841751,0.62,265.0
A,2,77,132.54,111.12078293460678,0.33424915824915824,0.6,265.0
A,2,78,138.87,109.55981516961408,0.3326195286195286,0.63,265.0
A,2,79,158.93,104.78809617509042,0.33625589225589225,0.71,265.0
A,2,80,163.93,101.39538993465138,0.3167811447811448,0.74,265.0
A,2,81,147.01,109.0140812005495,0.3321346801346801,0.66,265.0
A,2,82,135.19,110.62374925846619,0.32875420875420874,0.62,265.0
A,2,83,137.25,104.50601657320979,0.3517037037037037,0.65,265.0
A,2,84,149.39,101.65814232022933,0.36967003367003365,0.71,265.0
A,2,85,156.03,101.93031492151881,0.3648080808080808,0.72,265.0
A,2,86,162.31,98.03996073030629,0.3637037037037037,0.75,265.0
A,2,87,163.24,102.61365601127366,0.36472727272727273,0.73,265.0
A,2,88,128.88,108.57506896152542,0.36674747474747477,0.6,265.0
A,2,89,126.32,108.93446470240721,0.35675420875420877,0.59,265.0
A,2,90,139.95,104.89083611069177,0.32386531986531986,0.66,265.0
A,2,91,145.87,103.74099045218337,0.34313804713804713,0.68,265.0
A,2,92,149.86,101.45432666968915,0.32841750841750844,0.71,265.0
A,2,93,161.41,102.98243491003697,0.2934680134680135,0.73,265.0
A,2,94,164.97,100.46516361406077,0.293010101010101,0.74,265.0
A,2,95,163.73,101.00691609983942,0.32814814814814813,0.74,265.0
A,2,96,171.89,100.24798202457742,0.33504377104377103,0.76,265.0
A,2,97,126.71,112.69288309383163,0.3183838383838384,0.57,265.0
A,2,98,128.16,112.16895470672802,0.32157575757575757,0.58,265.0
A,2,99,150.67,110.77906435784696,0.31317171717171716,0.66,265.0
A,2,100,166.41,101.62697427356578,0.2751784511784512,0.74,265.0
A,2,101,151.66,109.53786742492296,0.2907070707070707,0.67,265.0
A,2,102,137.83,109.43016540241544,0.3111111111111111,0.63,265.0
A,2,103,155.92,108.29087496183601,0.3297239057239057,0.69,265.0
A,2,104,151.71,103.97944941189101,0.3501279461279461,0.7,265.0
A,2,105,154.67,101.97774806299657,0.34243771043771043,0.72,265.0
A,2,106,147.7,105.08410916975032,0.33086868686868687,0.68,265.0
A,2,107,162.63,104.93213568778631,0.2779124579124579,0.72,265.0
A,2,108,135.26,115.72904734767324,0.29757575757575755,0.59,265.0
A,2,109,126.32,108.57936083805247,0.3482020202020202,0.6,265.0
A,2,110,148.24,100.40469311740362,0.3374814814814815,0.72,265.0
A,2,111,153.28,102.28294872558182,0.31653872053872056,0.71,265.0
A,2,112,153.96,103.48380742898861,0.33920538720538723,0.7,265.0
A,2,113,131.34,114.95496683484362,0.3305723905723906,0.58,265.0
A,2,114,150.81,114.6249270446878,0.30183164983164984,0.64,265.0
A,2,115,149.85,109.92937505507797,0.2970639730639731,0.66,265.0
A,2,116,146.51,106.71668051434133,0.3117979797979798,0.67,265.0
A,2,117,145.03,105.85815556677719,0.31123232323232325,0.67,265.0
A,2,118,152.86,106.19246865950524,0.29373737373737374,0.69,265.0
A,2,119,156.67,104.41868175762419,0.274976430976431,0.71,265.0
A,2,120,156.45,105.97144662596618,0.25381818181818183,0.7,265.0
A,2,121,147.75,109.47076093642539,0.2686329966329966,0.66,265.0
A,2,122,140.65,113.15046398490817,0.26896969696969697,0.62,265.0
A,2,123,159.29,105.18881071672978,0.25935353535353534,0.71,265.0
A,2,124,147.49,108.85958800215992,0.263003367003367,0.66,265.0
A,2,125,166.4,101.67910306449403,0.27216161616161616,0.74,265.0
A,2,126,142.33,109.19240403984153,0.2927676767676768,0.64,265.0
A,2,127,145.61,109.46587550465212,0.29674074074074075,0.65,265.0
A,2,128,154.29,105.4692651913343,0.3,0.7,265.0
A,2,129,161.55,104.30506938782986,0.2798653198653199,0.72,265.0
A,2,130,157.01,106.43030536459057,0.28154882154882155,0.7,265.0
A,2,131,149.12,111.33735042653025,0.26690909090909093,0.65,265.0
A,2,132,153.28,105.76862294650526,0.28455218855218856,0.69,265.0
A,2,133,161.61,104.38562113624654,0.3121077441077441,0.72,265.0
A,2,134,150.18,108.28272068986814,0.3185993265993266,0.67,265.0
A,2,135,143.23,109.8541628705986,0.31333333333333335,0.64,265.0
A,2,136,165.71,103.70557313857341,0.3314882154882155,0.73,265.0
A,2,137,159.33,104.8083064456248,0.30917171717171715,0.71,265.0
A,2,138,155.65,108.19975739344336,0.30752861952861954,0.69,265.0
A,2,139,162.73,110.00935005716559,0.28414814814814815,0.7,265.0
A,2,140,133.88,116.69801026581385,0.2558922558922559,0.58,265.0
A,2,141,146.51,111.31410467681084,0.2661952861952862,0.65,265.0
A,2,142,164.9,105.94692067257076,0.24455218855218855,0.72,265.0
A,2,143,172.93,102.07969974485623,0.2273939393939394,0.76,265.0
A,2,144,149.43,110.43434746490786,0.23416835016835016,0.66,265.0
A,2,145,142.25,109.25752834473238,0.24004040404040405,0.64,265.0
A,2,146,157.1,103.6963355186672,0.2447946127946128,0.71,265.0
A,2,147,145.86,109.05842654283987,0.24934680134680134,0.66,265.0
A,2,148,168.1,97.77683774800656,0.25621548821548823,0.76,265.0
A,2,149,178.31,99.60770000356398,0.2655084175084175,0.78,265.0
A,2,150,155.21,109.63998312659483,0.23822222222222222,0.68,265.0
A,2,151,172.56,101.06357603014055,0.23237710437710438,0.76,265.0
A,2,152,166.76,103.24021696993861,0.2368888888888889,0.74,265.0
A,2,153,153.81,108.45300318571172,0.2382895622895623,0.68,265.0
A,2,154,154.48,105.58792355189111,0.25455892255892254,0.7,265.0
A,2,155,153.36,108.11461695811532,0.2316902356902357,0.69,265.0
A,2,156,162.04,107.02942772901292,0.24448484848484847,0.71,265.0
A,2,157,153.11,110.6988613310905,0.25311784511784513,0.67,265.0
A,2,158,165.85,101.91715998790391,0.2651447811447811,0.74,265.0
A,2,159,135.53,115.75538475595854,0.2745185185185185,0.59,265.0
A,2,160,159.24,107.30276044911426,0.27904377104377104,0.7,265.0
A,2,161,155.76,105.29350597259074,0.28565656565656566,0.7,265.0
A,2,162,149.02,106.05988685643597,0.3352323232323232,0.68,265.0
A,2,163,114.85,110.4158842739576,0.3498181818181818,0.53,265.0
A,2,164,153.41,106.53244529250233,0.33376430976430976,0.69,265.0
A,2,165,155.75,105.20763993170837,0.3176835016835017,0.7,265.0
A,2,166,150.33,105.7756167554697,0.33365656565656565,0.68,265.0
A,2,167,147.45,102.33751755832266,0.3494814814814815,0.69,265.0
A,2,168,161.7,94.22637634972493,0.3500740740740741,0.77,265.0
A,2,169,139.14,104.50636535637435,0.3296026936026936,0.66,265.0
A,2,170,156.95,97.54028654868715,0.33072053872053875,0.74,265.0
A,2,171,138.51,105.23454708412062,0.32105050505050503,0.65,265.0
A,2,172,162.3,100.23577205768407,0.2968619528619529,0.74,265.0
A,2,173,165.97,99.22998085256289,0.3113131313131313,0.75,265.0
A,2,174,135.82,107.50966282153433,0.32482154882154884,0.63,265.0
A,2,175,162.51,100.74576864563593,0.29078787878787876,0.74,265.0
A,2,176,152.91,109.41143404598988,0.26251851851851854,0.68,265.0
A,2,177,151.34,109.6653290698569,0.25336026936026934,0.67,265.0
A,2,178,157.98,104.05998078031729,0.29948821548821547,0.71,265.0
A,2,179,152.44,111.53029364257945,0.2736969696969697,0.66,265.0
A,2,180,127.94,112.73436210845388,0.30387878787878786,0.57,265.0
A,2,181,148.44,106.95721761526897,0.3502087542087542,0.67,265.0
A,2,182,137.58,106.5824732308272,0.3402962962962963,0.64,265.0
A,2,183,148.16,109.07196890127177,0.36064646464646466,0.66,265.0
A,2,184,127.3,113.77719455145659,0.3185993265993266,0.57,265.0
A,2,185,156.03,105.20394051555293,0.302006734006734,0.71,265.0
A,2,186,150.55,105.01565359507124,0.3087946127946128,0.7,265.0
A,2,187,158.81,93.76243330886844,0.30828282828282827,0.77,265.0
A,2,188,147.76,102.55311989403344,0.31777777777777777,0.69,265.0
A,2,189,154.53,101.6549511829109,0.3332929292929293,0.71,265.0
A,2,190,142.78,104.7266518131846,0.3651043771043771,0.67,265.0
A,2,191,138.27,106.49721639554717,0.36822895622895624,0.64,265.0
A,2,192,148.37,103.15421998154028,0.37946127946127944,0.69,265.0
A,2,193,148.42,107.65799366512456,0.3408215488215488,0.67,265.0
A,2,194,163.16,100.6726099790802,0.34395959595959597,0.74,265.0
A,2,195,138.29,106.1744126425948,0.35218855218855216,0.64,265.0
A,2,196,140.97,103.33396876148713,0.38082154882154884,0.67,265.0
A,2,197,162.75,97.2684301302329,0.37562289562289564,0.75,265.0
A,2,198,142.32,105.11820774727849,0.3794074074074074,0.66,265.0
A,2,199,144.41,106.24755008940207,0.3742087542087542,0.67,265.0
A,2,200,122.99,112.02048875094235,0.37606734006734005,0.56,265.0
A,3,0,78.63,95.09938538182043,0.49974410774410777,0.43,252.0
A,3,1,95.02,91.38511695019054,0.4812929292929293,0.56,252.0
A,3,2,132.69,85.89175688038986,0.479003367003367,0.73,253.0
A,3,3,109.34,90.59273922340576,0.4725791245791246,0.63,262.0
A,3,4,139.24,87.72788838220147,0.46416161616161616,0.75,262.0
A,3,5,132.77,97.30034480925544,0.4593939393939394,0.68,262.0
A,3,6,134.35,100.00933706409617,0.44111784511784513,0.67,262.0
A,3,7,139.31,96.11157006313027,0.4376969696969697,0.7,265.0
A,3,8,136.57,98.99598527213112,0.43513804713804716,0.68,265.0
A,3,9,125.4,97.33355022806884,0.4214949494949495,0.65,265.0
A,3,10,157.19,87.54115546415869,0.418006734006734,0.79,265.0
A,3,11,139.55,100.28991723996984,0.4046868686868687,0.68,265.0
A,3,12,137.59,104.9329400140871,0.4098855218855219,0.65,265.0
A,3,13,137.94,100.71204694573534,0.3880808080808081,0.67,265.0
A,3,14,143.01,105.33152377137624,0.3676902356902357,0.67,265.0
A,3,15,158.49,101.92825859397382,0.3387878787878788,0.73,265.0
A,3,16,144.34,106.80151871579355,0.3140471380471381,0.66,265.0
A,3,17,165.36,98.59701009665557,0.2944107744107744,0.76,265.0
A,3,18,167.96,101.26913843812439,0.2844175084175084,0.75,265.0
A,3,19,164.71,104.56397993573121,0.2644983164983165,0.73,265.0
A,3,20,146.04,110.01635514776883,0.2724040404040404,0.65,265.0
A,3,21,145.35,108.12468497063934,0.2767811447811448,0.66,265.0
A,3,22,160.78,98.897176906118,0.2794882154882155,0.74,265.0
A,3,23,152.53,103.75774236171486,0.32061952861952864,0.7,265.0
A,3,24,155.71,105.70896792609416,0.3221010101010101,0.7,265.0
A,3,25,142.12,109.13526286219317,0.3430707070707071,0.64,265.0
A,3,26,159.94,101.03868763993324,0.3331178451178451,0.73,265.0
A,3,27,147.34,104.51193424676437,0.34136026936026936,0.68,265.0
A,3,28,136.13,99.08871328259339,0.36397306397306395,0.68,265.0
A,3,29,140.15,96.22924451537588,0.37982491582491584,0.7,265.0
A,3,30,140.15,101.77616371233492,0.36632996632996634,0.67,265.0
A,3,31,152.52,100.4167794743488,0.37037037037037035,0.72,265.0
A,3,32,150.04,98.7029807047386,0.37686195286195284,0.72,265.0
A,3,33,138.65,105.79805054914766,0.33396632996632997,0.65,265.0
A,3,34,129.72,106.47667162341241,0.3498047138047138,0.62,265.0
A,3,35,146.46,102.64135813598726,0.3258855218855219,0.69,265.0
A,3,36,129.72,103.90323190353608,0.325993265993266,0.63,265.0
A,3,37,168.34,93.60824963645031,0.2978989898989899,0.78,265.0
A,3,38,151.93,101.62718681533991,0.31846464646464645,0.71,265.0
A,3,39,142.47,103.50782144359913,0.33994612794612794,0.67,265.0
A,3,40,158.99,96.71716445388584,0.3547205387205387,0.76,265.0
A,3,41,160.55,93.60377930404307,0.34573737373737373,0.77,265.0
A,3,42,166.7,98.41651284210388,0.3117171717171717,0.76,265.0
A,3,43,174.03,95.45370134258808,0.29828956228956227,0.78,265.0
A,3,44,156.87,107.99024539281315,0.27765656565656566,0.69,265.0
A,3,45,155.66,101.80247737653539,0.2990976430976431,0.72,265.0
A,3,46,152.71,106.1071434918498,0.2863838383838384,0.69,265.0
A,3,47,155.89,107.10069047396475,0.27305050505050504,0.7,265.0
A,3,48,142.62,110.84428537367184,0.26587205387205387,0.64,265.0
A,3,49,165.4,102.20704476698268,0.26571043771043773,0.74,265.0
A,3,50,151.08,109.14583638416997,0.2734006734006734,0.67,265.0
A,3,51,170.89,100.59969135141519,0.25501683501683503,0.76,265.0
A,3,52,162.37,105.75392711384293,0.24921212121212122,0.72,265.0
A,3,53,164.07,105.346025553886,0.26825589225589225,0.72,265.0
A,3,54,157.51,109.05700298467771,0.27034343434343433,0.69,265.0
A,3,55,142.52,114.11770064280124,0.2564040404040404,0.62,265.0
A,3,56,155.11,109.0590569370559,0.2704242424242424,0.68,265.0
A,3,57,146.97,103.86466723578332,0.28173737373737373,0.69,265.0
A,3,58,157.36,107.98680660154737,0.24777104377104378,0.69,265.0
A,3,59,163.91,103.16744593135955,0.23839730639730639,0.73,265.0
A,3,60,167.52,97.99076282997291,0.2557979797979798,0.76,265.0
A,3,61,151.56,105.40951759684702,0.27815488215488215,0.69,265.0
A,3,62,168.01,99.43867406597899,0.31777777777777777,0.76,265.0
A,3,63,154.06,102.62532046234983,0.30593939393939396,0.71,265.0
A,3,64,177.25,95.49160957906197,0.2927003367003367,0.79,265.0
A,3,65,153.05,108.72418084308568,0.29954208754208755,0.68,265.0
A,3,66,138.29,113.28956659816473,0.3052525252525253,0.61,265.0
A,3,67,150.87,104.80855451727211,0.3164983164983165,0.69,265.0
A,3,68,119.94,109.96606931231106,0.3476094276094276,0.56,265.0
A,3,69,143.28,104.75810994858585,0.34734006734006734,0.67,265.0
A,3,70,138.36,110.28712708199447,0.32971043771043773,0.63,265.0
A,3,71,133.3,112.80447686151467,0.30208754208754207,0.6,265.0
A,3,72,140.75,106.26131704435062,0.30693602693602695,0.65,265.0
A,3,73,137.91,107.41043664374519,0.3107474747474748,0.64,265.0
A,3,74,151.11,103.79825576569193,0.31205387205387203,0.69,265.0
A,3,75,153.71,106.13578991084958,0.305993265993266,0.69,265.0
A,3,76,159.79,101.19074018901136,0.30886195286195284,0.73,265.0
A,3,77,132.6,111.43913136775609,0.30273400673400674,0.6,265.0
A,3,78,149.28,110.74105652376629,0.31453198653198655,0.66,265.0
A,3,79,131.72,112.62531509389886,0.2854680134680135,0.59,265.0
A,3,80,156.69,102.50128730898943,0.30992592592592594,0.72,265.0
A,3,81,168.7,100.30717820774343,0.2882828282828283,0.76,265.0
A,3,82,128.55,110.53491529828936,0.27826262626262627,0.6,265.0
A,3,83,150.99,106.33677585858997,0.2794882154882155,0.69,265.0
A,3,84,173.06,103.6968485538495,0.2524983164983165,0.75,265.0
A,3,85,153.1,117.00525629218546,0.21942087542087543,0.64,265.0
A,3,86,143.83,115.01852502966642,0.21457239057239058,0.62,265.0
A,3,87,137.72,117.65229109541386,0.2264915824915825,0.59,265.0
A,3,88,140.18,113.46544672277987,0.23653872053872055,0.62,265.0
A,3,89,169.83,106.82369166060495,0.23983838383838385,0.73,265.0
A,3,90,150.87,112.68643707208068,0.2262222222222222,0.65,265.0
A,3,91,153.0,114.23379534971251,0.24409427609427609,0.65,265.0
A,3,92,158.85,106.7504918021458,0.23644444444444446,0.7,265.0
A,3,93,155.96,109.79097594975646,0.25272727272727274,0.68,265.0
A,3,94,167.11,105.61078496062797,0.26435016835016834,0.73,265.0
A,3,95,153.47,110.61224660949617,0.23348148148148148,0.67,265.0
A,3,96,168.86,103.40590118557064,0.25247138047138046,0.74,265.0
A,3,97,153.25,106.69380253791688,0.26856565656565656,0.69,265.0
A,3,98,152.68,110.07332828619293,0.2761885521885522,0.67,265.0
A,3,99,155.22,109.6784007906753,0.2544107744107744,0.68,265.0
A,3,100,145.81,110.5340395534335,0.2912188552188552,0.65,265.0
A,3,101,157.62,107.3413974196349,0.2796767676767677,0.7,265.0
A,3,102,156.86,106.05225315852559,0.27146127946127946,0.7,265.0
A,3,103,167.82,98.32734919644687,0.2625319865319865,0.76,265.0
A,3,104,150.01,110.93939742039345,0.2730909090909091,0.66,265.0
A,3,105,146.64,110.79066025617861,0.27834343434343434,0.65,265.0
A,3,106,159.72,103.88792807636506,0.2817239057239057,0.72,265.0
A,3,107,162.21,106.30694191820214,0.26006734006734006,0.71,265.0
A,3,108,143.14,112.60461979865659,0.2738316498316498,0.63,265.0
A,3,109,147.53,107.15068408554376,0.2728888888888889,0.67,265.0
A,3,110,143.23,107.77465889530804,0.30686868686868685,0.65,265.0
A,3,111,144.03,108.76630498458609,0.32451178451178453,0.65,265.0
A,3,112,165.65,99.95402693238528,0.3243771043771044,0.75,265.0
A,3,113,161.81,105.11809501698555,0.2996632996632997,0.72,265.0
A,3,114,171.33,99.9962054280061,0.30987205387205385,0.76,265.0
A,3,115,146.77,109.15803726707438,0.2957037037037037,0.66,265.0
A,3,116,160.89,106.39463285335403,0.2720808080808081,0.71,265.0
A,3,117,153.19,104.30279909954479,0.26871380471380474,0.7,265.0
A,3,118,175.14,101.46595685253256,0.2730909090909091,0.76,265.0
A,3,119,161.37,110.50254793442548,0.24109090909090908,0.69,265.0
A,3,120,182.09,99.44889089376512,0.21947474747474746,0.78,265.0
A,3,121,160.92,108.96501089799423,0.23000673400673402,0.7,265.0
A,3,122,127.04,114.76453459148432,0.24552188552188553,0.57,265.0
A,3,123,148.59,111.20837153739822,0.24179124579124578,0.66,265.0
A,3,124,153.63,110.51467368634809,0.24988552188552188,0.67,265.0
A,3,125,158.77,104.9836992108775,0.2751111111111111,0.71,265.0
A,3,126,155.48,107.3317734876304,0.3080538720538721,0.69,265.0
A,3,127,160.76,102.9182316210301,0.31966329966329965,0.73,265.0
A,3,128,142.59,107.97796951230376,0.3148956228956229,0.65,265.0
A,3,129,160.59,101.73594202640481,0.31855892255892254,0.73,265.0
A,3,130,148.79,104.25097553500399,0.3203905723905724,0.69,265.0
A,3,131,164.25,101.23639414755941,0.3168484848484848,0.74,265.0
A,3,132,160.6,104.70883439328318,0.30254545454545456,0.71,265.0
A,3,133,156.0,105.16796090064692,0.318006734006734,0.7,265.0
A,3,134,153.96,104.44346987724987,0.31605387205387203,0.7,265.0
A,3,135,160.81,104.26520944207613,0.310006734006734,0.72,265.0
A,3,136,154.98,104.2819236493075,0.31946127946127945,0.7,265.0
A,3,137,141.27,107.68582590109061,0.3232053872053872,0.65,265.0
A,3,138,138.14,107.38240265518368,0.3353804713804714,0.64,265.0
A,3,139,136.56,109.7644131765847,0.3320942760942761,0.62,265.0
A,3,140,147.0,103.95518265098667,0.3250909090909091,0.68,265.0
A,3,141,166.42,94.69531984211258,0.352996632996633,0.77,265.0
A,3,142,139.93,106.83288398241433,0.3354208754208754,0.65,265.0
A,3,143,156.35,97.53844113989109,0.3477979797979798,0.74,265.0
A,3,144,155.0,100.70799372443084,0.35812794612794613,0.73,265.0
A,3,145,167.42,96.4512498623009,0.35915151515151517,0.77,265.0
A,3,146,151.66,103.33491375135512,0.35019528619528617,0.7,265.0
A,3,147,141.95,103.54171864519152,0.36778451178451177,0.67,265.0
A,3,148,152.42,100.41007718351779,0.36604713804713807,0.72,265.0
A,3,149,144.15,98.78596813313114,0.3614680134680135,0.7,265.0
A,3,150,147.04,97.67752249110335,0.3849023569023569,0.72,265.0
A,3,151,139.39,101.39880620599041,0.3804040404040404,0.67,265.0
A,3,152,156.74,93.77362315704774,0.37043771043771045,0.76,265.0
A,3,153,157.24,101.14980177934112,0.3468282828282828,0.73,265.0
A,3,154,140.24,106.84606871569959,0.3431784511784512,0.65,265.0
A,3,155,142.3,103.8341465992763,0.3597171717171717,0.67,265.0
A,3,156,154.75,99.00953236936331,0.3407003367003367,0.73,265.0
A,3,157,159.3,98.63959651174574,0.3499124579124579,0.74,265.0
A,3,158,142.97,105.95012553083644,0.3551111111111111,0.67,265.0
A,3,159,151.01,100.21212451594867,0.36307070707070704,0.71,265.0
A,3,160,155.69,100.2439718885879,0.36354208754208756,0.72,265.0
A,3,161,133.1,107.17700313033576,0.3635555555555556,0.62,265.0
A,3,162,148.02,98.07058478463355,0.3841481481481481,0.72,265.0
A,3,163,138.94,104.87371644029786,0.38305723905723904,0.66,265.0
A,3,164,143.06,106.3685874682935,0.36428282828282826,0.66,265.0
A,3,165,154.01,100.22739096674123,0.34495622895622896,0.72,265.0
A,3,166,156.27,101.40126774355438,0.34374410774410774,0.72,265.0
A,3,167,135.7,107.13407487816374,0.3571717171717172,0.63,265.0
A,3,168,134.78,106.01373307265432,0.3564983164983165,0.64,265.0
A,3,169,144.89,106.90929753767911,0.35364309764309765,0.67,265.0
A,3,170,139.98,107.95165399381337,0.35564983164983166,0.64,265.0
A,3,171,156.67,102.13472034523814,0.3741144781144781,0.72,265.0
A,3,172,141.83,105.1439066232561,0.3784915824915825,0.66,265.0
A,3,173,166.28,95.46487102594335,0.3479326599326599,0.77,265.0
A,3,174,167.0,100.51397912728358,0.32406734006734006,0.75,265.0
A,3,175,143.56,106.55762009354375,0.3187474747474747,0.67,265.0
A,3,176,152.61,101.85027196821812,0.32587205387205387,0.71,265.0
A,3,177,151.18,106.55462261206691,0.3326868686868687,0.69,265.0
A,3,178,151.91,103.9559613490251,0.32126599326599325,0.7,265.0
A,3,179,154.15,103.55610798016697,0.32712457912457915,0.71,265.0
A,3,180,161.55,101.3974728481928,0.31657912457912457,0.73,265.0
A,3,181,158.79,102.0001269607053,0.31003367003367005,0.72,265.0
A,3,182,155.73,100.88952918910863,0.31655218855218853,0.72,265.0
A,3,183,156.77,101.7987087344432,0.31205387205387203,0.72,265.0
A,3,184,155.56,99.42517990931673,0.33221548821548824,0.73,265.0
A,3,185,153.64,101.25329821788522,0.32967003367003367,0.72,265.0
A,3,186,160.64,100.17449974918766,0.3183973063973064,0.74,265.0
A,3,187,165.84,105.75743189015134,0.2742356902356902,0.72,265.0
A,3,188,165.44,102.14639690170182,0.30917171717171715,0.74,265.0
A,3,189,149.2,106.1334066163901,0.3083501683501684,0.68,265.0
A,3,190,144.92,109.13832324165514,0.33151515151515154,0.66,265.0
A,3,191,152.43,102.58784089744748,0.3244040404040404,0.71,265.0
A,3,192,147.35,105.83415091547718,0.30262626262626263,0.68,265.0
A,3,193,150.66,103.57115621639068,0.3094545454545455,0.7,265.0
A,3,194,126.9,110.80816756900188,0.314006734006734,0.58,265.0
A,3,195,156.43,100.5014681484803,0.341023569023569,0.73,265.0
A,3,196,163.14,98.20417710056941,0.3447946127946128,0.75,265.0
A,3,197,143.81,103.96207914427261,0.3524848484848485,0.67,265.0
A,3,198,151.12,102.20580022679732,0.33725252525252525,0.7,265.0
A,3,199,144.99,107.1164315126302,0.344,0.66,265.0
A,3,200,141.73,104.90470485159378,0.333037037037037,0.67,265.0
A,4,0,52.48,85.94562001638013,0.4988013468013468,0.29,256.0
A,4,1,90.99,97.77387125403186,0.4864107744107744,0.49,256.0
A,4,2,109.34,96.83875463883248,0.4782222222222222,0.58,256.0
A,4,3,143.04,92.33806582336453,0.4684713804713805,0.72,256.0
A,4,4,156.75,90.09032966972649,0.45094949494949493,0.77,257.0
A,4,5,148.02,96.28935351325192,0.4506397306397306,0.72,257.0
A,4,6,140.4,101.75195329820454,0.4464915824915825,0.67,257.0
A,4,7,135.09,103.7835338577368,0.43296969696969695,0.65,257.0
A,4,8,125.92,100.86106087088318,0.42083501683501684,0.63,257.0
A,4,9,134.3,99.92912488358937,0.42323232323232324,0.67,264.0
A,4,10,136.04,100.92501374783161,0.4201750841750842,0.67,264.0
A,4,11,148.02,99.42403934662885,0.401023569023569,0.71,264.0
A,4,12,136.51,103.84069481662765,0.3878787878787879,0.65,264.0
A,4,13,162.29,95.60034466465066,0.3992323232323232,0.76,264.0
A,4,14,132.98,107.04241962885554,0.38251851851851854,0.62,264.0
A,4,15,134.04,100.79840474928163,0.3832457912457912,0.66,264.0
A,4,16,151.1,100.05943233898542,0.36208754208754207,0.72,264.0
A,4,17,142.34,101.31023837697747,0.3428956228956229,0.68,264.0
A,4,18,144.11,101.70947792610087,0.36752861952861954,0.69,264.0
A,4,19,159.79,97.13869414399188,0.36898316498316497,0.75,265.0
A,4,20,155.15,102.20395051073125,0.35314478114478115,0.71,265.0
A,4,21,144.13,105.216125665223,0.35353535353535354,0.67,265.0
A,4,22,143.24,103.44535948992588,0.36654545454545456,0.67,265.0
A,4,23,154.97,97.6039399819495,0.36832323232323233,0.74,265.0
A,4,24,159.47,101.95258260583691,0.37093602693602695,0.72,265.0
A,4,25,143.1,105.82027215992218,0.354962962962963,0.66,265.0
A,4,26,123.76,110.6454807030093,0.3423030303030303,0.57,265.0
A,4,27,147.51,103.45022909592805,0.32637037037037037,0.68,265.0
A,4,28,169.44,97.37713489315651,0.31142087542087543,0.77,265.0
A,4,29,131.88,111.21126561639338,0.3174141414141414,0.6,265.0
A,4,30,148.09,107.12050177253653,0.30517171717171715,0.67,265.0
A,4,31,159.37,99.03349483886753,0.29604040404040405,0.74,265.0
A,4,32,141.86,106.73893572637867,0.31412794612794614,0.66,265.0
A,4,33,158.17,102.1620335545451,0.314989898989899,0.73,265.0
A,4,34,155.56,106.06944140514742,0.2942222222222222,0.7,265.0
A,4,35,161.7,103.57263152010768,0.30103703703703705,0.72,265.0
A,4,36,165.0,103.77427426872231,0.30183164983164984,0.73,265.0
A,4,37,122.32,113.19380548422251,0.32146801346801346,0.55,265.0
A,4,38,144.95,105.01632016024936,0.324996632996633,0.67,265.0
A,4,39,146.52,102.99266770018147,0.3404848484848485,0.69,265.0
A,4,40,153.84,101.91523144260627,0.3402154882154882,0.72,265.0
A,4,41,152.83,102.91754515144636,0.3212929292929293,0.71,265.0
A,4,42,146.51,103.56075463224472,0.32342087542087544,0.68,265.0
A,4,43,127.76,105.86020215359498,0.3195420875420875,0.61,265.0
A,4,44,162.38,95.07478950804993,0.3300875420875421,0.76,265.0
A,4,45,148.02,103.6213279204624,0.3507609427609428,0.69,265.0
A,4,46,154.31,102.6581409338782,0.33391245791245794,0.71,265.0
A,4,47,149.68,101.91436405139366,0.3435690235690236,0.7,265.0
A,4,48,138.3,104.6441111577713,0.3532121212121212,0.66,265.0
A,4,49,149.57,105.46148633505976,0.3594747474747475,0.69,265.0
A,4,50,127.52,108.88805995149332,0.35053198653198653,0.6,265.0
A,4,51,155.36,99.73891116309622,0.33054545454545453,0.73,265.0
A,4,52,144.8,107.20764898084464,0.3465723905723906,0.66,265.0
A,4,53,133.41,109.50252006232552,0.37226936026936025,0.61,265.0
A,4,54,142.74,108.24126939388692,0.3500875420875421,0.65,265.0
A,4,55,137.91,110.76751283657134,0.3363771043771044,0.62,265.0
A,4,56,134.44,108.60583041439351,0.3500875420875421,0.62,265.0
A,4,57,156.48,100.19206355794854,0.33944781144781144,0.73,265.0
A,4,58,151.84,101.12039556884655,0.3401885521885522,0.71,265.0
A,4,59,151.39,101.36793329253585,0.3508148148148148,0.71,265.0
A,4,60,145.66,105.10596748044328,0.3616161616161616,0.67,265.0
A,4,61,156.02,102.87497071688526,0.3463299663299663,0.72,265.0
A,4,62,121.78,111.26415235825061,0.3200942760942761,0.56,265.0
A,4,63,142.45,101.99787987992691,0.3399326599326599,0.68,265.0
A,4,64,155.48,92.20493262293509,0.3318787878787879,0.76,265.0
A,4,65,165.06,87.21007051940734,0.3418989898989899,0.8,265.0
A,4,66,155.32,97.47603602937492,0.35873400673400674,0.74,265.0
A,4,67,155.36,104.03840829232252,0.3362154882154882,0.71,265.0
A,4,68,139.52,110.85769977768798,0.35235016835016836,0.63,265.0
A,4,69,127.77,108.96897310702713,0.35745454545454547,0.6,265.0
A,4,70,132.4,109.94807865533623,0.3465723905723906,0.61,265.0
A,4,71,149.0,101.92448184808201,0.3444713804713805,0.7,265.0
A,4,72,143.42,105.14334786376169,0.3371851851851852,0.67,265.0
A,4,73,137.45,107.07944480618117,0.33086868686868687,0.64,265.0
A,4,74,129.03,105.31215077093432,0.3630976430976431,0.62,265.0
A,4,75,151.11,100.66746197257584,0.35024915824915825,0.71,265.0
A,4,76,167.3,97.77387176541593,0.3454680134680135,0.76,265.0
A,4,77,145.65,107.91342594876691,0.3387340067340067,0.66,265.0
A,4,78,149.73,108.45163484244947,0.3271380471380471,0.67,265.0
A,4,79,140.69,107.91225092638926,0.3152861952861953,0.65,265.0
A,4,80,146.83,104.61386667167982,0.3214814814814815,0.68,265.0
A,4,81,154.58,102.37706579112336,0.3220875420875421,0.72,265.0
A,4,82,162.85,100.83058811690032,0.32536026936026935,0.74,265.0
A,4,83,143.08,112.43501945568381,0.30976430976430974,0.63,265.0
A,4,84,147.87,110.1925274235962,0.306006734006734,0.66,265.0
A,4,85,131.39,114.48038216218532,0.31186531986531985,0.58,265.0
A,4,86,127.73,111.08256883957986,0.31835690235690234,0.58,265.0
A,4,87,148.32,105.88284846942871,0.31966329966329965,0.68,265.0
A,4,88,163.47,96.66782867117685,0.32602020202020204,0.76,265.0
A,4,89,145.55,104.42216000447414,0.335003367003367,0.68,265.0
A,4,90,165.07,99.61197267397128,0.3303299663299663,0.75,265.0
A,4,91,141.22,111.34806509320222,0.309993265993266,0.63,265.0
A,4,92,144.12,106.49406368431998,0.3138989898989899,0.66,265.0
A,4,93,164.95,102.400720212311,0.29552861952861953,0.74,265.0
A,4,94,149.33,103.72840064321825,0.3115016835016835,0.69,265.0
A,4,95,165.63,95.69353739934584,0.3448215488215488,0.77,265.0
A,4,96,142.5,108.71297070727117,0.3553670033670034,0.65,265.0
A,4,97,134.08,111.02699491565104,0.3292255892255892,0.61,265.0
A,4,98,148.5,102.30322575559384,0.3297912457912458,0.7,265.0
A,4,99,145.56,108.32712679656927,0.29978451178451176,0.66,265.0
A,4,100,150.64,105.34918319569451,0.30894276094276096,0.69,265.0
A,4,101,163.53,101.28301486429005,0.29917845117845115,0.74,265.0
A,4,102,162.44,104.4667717506385,0.27365656565656565,0.72,265.0
A,4,103,161.24,105.19839542502538,0.2884175084175084,0.71,265.0
A,4,104,167.51,95.58373240253805,0.2944781144781145,0.77,265.0
A,4,105,166.59,100.37171862631425,0.30794612794612797,0.75,265.0
A,4,106,151.26,108.17195754908015,0.2983030303030303,0.67,265.0
A,4,107,140.56,108.60371264372135,0.3129023569023569,0.64,265.0
A,4,108,156.81,103.38362491226549,0.3285252525252525,0.71,265.0
A,4,109,142.65,106.28963966445649,0.3122154882154882,0.66,265.0
A,4,110,143.39,109.44157299673648,0.3392861952861953,0.65,265.0
A,4,111,161.19,104.11164152005288,0.32043097643097646,0.72,265.0
A,4,112,142.39,110.360853113774,0.3160808080808081,0.64,265.0
A,4,113,143.3,105.52113532368764,0.3371178451178451,0.67,265.0
A,4,114,136.92,106.79341552736291,0.35655218855218856,0.64,265.0
A,4,115,142.38,107.32872681626294,0.36514478114478116,0.65,265.0
A,4,116,146.47,105.20631682555948,0.3541144781144781,0.68,265.0
A,4,117,161.32,99.24584424548969,0.34196632996633,0.74,265.0
A,4,118,141.56,107.16326982693278,0.33225589225589225,0.65,265.0
A,4,119,152.8,101.70417887186346,0.3606195286195286,0.71,265.0
A,4,120,135.14,108.96825409264848,0.35897643097643095,0.62,265.0
A,4,121,157.41,99.77746188393449,0.35329292929292927,0.73,265.0
A,4,122,125.19,110.32675967325424,0.3376026936026936,0.58,265.0
A,4,123,130.89,109.02035543878951,0.3541952861952862,0.61,265.0
A,4,124,159.08,96.10855112839855,0.35043771043771044,0.75,265.0
A,4,125,144.1,105.00461894602543,0.32257239057239057,0.67,265.0
A,4,126,140.34,105.34118093129582,0.32162962962962965,0.66,265.0
A,4,127,146.87,104.82219755376244,0.31613468013468016,0.68,265.0
A,4,128,164.88,100.12165400151956,0.2948013468013468,0.75,265.0
A,4,129,161.99,97.8962200496015,0.2978989898989899,0.75,265.0
A,4,130,151.32,103.15744083681021,0.30483501683501685,0.7,265.0
A,4,131,149.37,103.37791398553175,0.3006060606060606,0.69,265.0
A,4,132,163.27,101.44435469753849,0.31337373737373736,0.74,265.0
A,4,133,152.4,104.29995206135044,0.3090505050505051,0.7,265.0
A,4,134,154.01,103.6289047515219,0.3180875420875421,0.7,265.0
A,4,135,162.0,102.13549823641142,0.34374410774410774,0.73,265.0
A,4,136,135.64,106.54515662384658,0.34813468013468013,0.64,265.0
A,4,137,148.35,102.56533283717262,0.3362289562289562,0.7,265.0
A,4,138,158.59,102.50971612486302,0.3378989898989899,0.72,265.0
A,4,139,135.16,108.95748895784998,0.34545454545454546,0.62,265.0
A,4,140,131.81,104.90068588908274,0.35435690235690237,0.63,265.0
A,4,141,140.27,100.35276329030506,0.35958249158249156,0.69,265.0
A,4,142,152.95,102.23828783777631,0.32206060606060605,0.71,265.0
A,4,143,160.13,97.64360245300252,0.3095488215488216,0.75,265.0
A,4,144,138.33,109.3508166407549,0.3395959595959596,0.63,265.0
A,4,145,138.93,109.17126499221305,0.34276094276094277,0.63,265.0
A,4,146,157.68,100.29335770628083,0.3648080808080808,0.73,265.0
A,4,147,159.14,98.25110889959461,0.3895757575757576,0.74,265.0
A,4,148,150.74,102.64274158458552,0.372013468013468,0.7,265.0
A,4,149,136.85,104.13110726387193,0.36642424242424243,0.65,265.0
A,4,150,141.33,101.98333736449302,0.37076094276094274,0.68,265.0
A,4,151,155.05,94.66502786140191,0.3707070707070707,0.75,265.0
A,4,152,154.82,95.16169187230751,0.3805791245791246,0.75,265.0
A,4,153,144.9,107.58526850828602,0.36896969696969695,0.66,265.0
A,4,154,170.47,101.70461690601859,0.31795286195286193,0.75,265.0
A,4,155,153.28,108.74098399407649,0.3023030303030303,0.68,265.0
A,4,156,158.42,109.70717205360823,0.2733198653198653,0.69,265.0
A,4,157,161.56,108.78789638558143,0.26355555555555554,0.7,265.0
A,4,158,137.35,114.90233896661982,0.2647003367003367,0.6,265.0
A,4,159,151.46,111.77194818021201,0.24599326599326599,0.66,265.0
A,4,160,135.77,116.01524511890668,0.2597037037037037,0.59,265.0
A,4,161,130.02,112.97096795194773,0.28453872053872054,0.58,265.0
A,4,162,159.19,107.30700769288092,0.2595959595959596,0.7,265.0
A,4,163,171.95,107.4326184173131,0.23305050505050506,0.73,265.0
A,4,164,165.22,108.50083686313208,0.22456565656565658,0.71,265.0
A,4,165,162.96,108.94695222905504,0.23542087542087542,0.7,265.0
A,4,166,155.11,106.80214370507738,0.24416161616161616,0.7,265.0
A,4,167,156.29,105.86418610653936,0.298020202020202,0.7,265.0
A,4,168,166.74,103.2276726464372,0.2755286195286195,0.74,265.0
A,4,169,155.43,107.76550978861466,0.2850639730639731,0.69,265.0
A,4,170,180.11,98.29383449637115,0.24909090909090909,0.79,265.0
A,4,171,158.08,112.34159336594797,0.22475420875420876,0.68,265.0
A,4,172,157.09,106.40395622344123,0.2340875420875421,0.7,265.0
A,4,173,150.32,111.14601927194695,0.2526060606060606,0.66,265.0
A,4,174,147.17,113.11781955112112,0.24778451178451177,0.64,265.0
A,4,175,162.23,104.40467949282733,0.23563636363636364,0.72,265.0
A,4,176,143.83,107.08968717855142,0.2524983164983165,0.66,265.0
A,4,177,150.59,109.31231357902915,0.2637845117845118,0.67,265.0
A,4,178,151.88,108.63777243666219,0.2674074074074074,0.68,265.0
A,4,179,165.18,104.81215387539747,0.24133333333333334,0.73,265.0
A,4,180,181.72,97.38861124382049,0.2464781144781145,0.79,265.0
A,4,181,173.84,103.8320490022228,0.22455218855218856,0.75,265.0
A,4,182,177.32,100.54838437289781,0.22041750841750843,0.77,265.0
A,4,183,147.88,113.89550298409503,0.22534680134680135,0.64,265.0
A,4,184,155.26,111.36082075846963,0.2403097643097643,0.67,265.0
A,4,185,170.3,104.05628284731296,0.24712457912457914,0.74,265.0
A,4,186,165.75,106.73231703659394,0.2548956228956229,0.72,265.0
A,4,187,153.24,108.27429242437928,0.268040404040404,0.68,265.0
A,4,188,160.62,103.83128430294985,0.29915151515151517,0.72,265.0
A,4,189,145.33,107.70682940278206,0.3234074074074074,0.66,265.0
A,4,190,155.71,102.72461194864647,0.30813468013468015,0.71,265.0
A,4,191,171.08,92.86309062270114,0.31823569023569026,0.79,265.0
A,4,192,181.0,96.47155021041178,0.2957710437710438,0.79,265.0
A,4,193,152.7,104.68452607716195,0.30453872053872055,0.7,265.0
A,4,194,134.48,112.26909458974005,0.3214814814814815,0.6,265.0
A,4,195,121.53,112.89716161179607,0.32352861952861955,0.55,265.0
A,4,196,128.21,109.70071057199219,0.32895622895622895,0.59,265.0
A,4,197,142.99,104.05964587677589,0.3227340067340067,0.68,265.0
A,4,198,127.32,109.6276315533634,0.3372929292929293,0.6,265.0
A,4,199,130.55,105.97399445146907,0.3372255892255892,0.62,265.0
A,4,200,142.58,103.87744509757641,0.3427744107744108,0.67,265.0
A,5,0,66.48,90.86852920566064,0.49772390572390574,0.37,242.0
A,5,1,113.36,92.23800951885292,0.48223569023569024,0.63,242.0
A,5,2,111.57,96.02950119624698,0.4636228956228956,0.61,248.0
A,5,3,126.32,96.99318326562955,0.44766329966329965,0.65,252.0
A,5,4,140.98,98.41158265163709,0.4354074074074074,0.69,252.0
A,5,5,130.32,101.07896714945203,0.43682154882154883,0.64,265.0
A,5,6,124.43,100.95417326688383,0.4332121212121212,0.62,265.0
A,5,7,131.35,102.34171925466174,0.4265993265993266,0.64,265.0
A,5,8,122.9,100.73385726755428,0.42422895622895623,0.62,265.0
A,5,9,140.07,100.4602662747815,0.4165252525252525,0.68,265.0
A,5,10,135.18,106.78776896255488,0.39686195286195286,0.63,265.0
A,5,11,143.72,101.30933619365986,0.40045791245791246,0.7,265.0
A,5,12,154.06,92.73508721082867,0.3918787878787879,0.76,265.0
A,5,13,140.64,96.378786047553,0.4074343434343434,0.7,265.0
A,5,14,124.02,102.95425974674386,0.40114478114478114,0.61,265.0
A,5,15,145.04,99.21944567472649,0.37863973063973067,0.7,265.0
A,5,16,147.01,99.07083274102425,0.36573737373737375,0.71,265.0
A,5,17,152.02,99.28897018299666,0.3854814814814815,0.73,265.0
A,5,18,149.4,106.0757276666062,0.3682962962962963,0.68,265.0
A,5,19,127.82,111.39267300859603,0.32995286195286194,0.58,265.0
A,5,20,132.81,111.91422563731565,0.34693602693602693,0.6,265.0
A,5,21,139.06,109.49564557552048,0.3443905723905724,0.63,265.0
A,5,22,129.59,106.51667428154147,0.32981818181818184,0.61,265.0
A,5,23,149.18,101.91323564679911,0.3304377104377104,0.7,265.0
A,5,24,166.65,98.31982251814738,0.3324309764309764,0.76,265.0
A,5,25,142.47,109.43705542456816,0.29742760942760943,0.64,265.0
A,5,26,150.57,107.03693334545791,0.31896296296296295,0.68,265.0
A,5,27,132.74,111.506647335484,0.3066936026936027,0.6,265.0
A,5,28,154.89,107.00073784792328,0.30507744107744106,0.69,265.0
A,5,29,153.04,107.45993858178034,0.2967138047138047,0.68,265.0
A,5,30,136.6,110.0610739544186,0.2768888888888889,0.62,265.0
A,5,31,159.46,104.89875309077797,0.30903703703703705,0.71,265.0
A,5,32,152.03,105.98598539429636,0.2973198653198653,0.69,265.0
A,5,33,154.56,105.43142984897815,0.2984915824915825,0.7,265.0
A,5,34,157.75,105.38343086083314,0.2914612794612795,0.71,265.0
A,5,35,145.18,108.28715343936234,0.2746801346801347,0.66,265.0
A,5,36,148.64,105.32972230097259,0.27225589225589225,0.68,265.0
A,5,37,149.37,102.73700939778226,0.28425589225589226,0.69,265.0
A,5,38,147.98,102.85018035958906,0.29113804713804714,0.69,265.0
A,5,39,159.48,103.57291924050418,0.28103703703703703,0.72,265.0
A,5,40,158.04,102.30453753377707,0.2875151515151515,0.72,265.0
A,5,41,151.83,111.62285205100254,0.2865050505050505,0.66,265.0
A,5,42,151.6,109.06530153994899,0.27894949494949495,0.67,265.0
A,5,43,164.94,104.22195737943133,0.2754343434343434,0.73,265.0
A,5,44,168.67,102.04440749007267,0.26117171717171717,0.75,265.0
A,5,45,153.89,106.1795550000093,0.2727003367003367,0.69,265.0
A,5,46,174.4,100.40258960803749,0.266989898989899,0.76,265.0
A,5,47,147.44,112.19869161447471,0.2791784511784512,0.64,265.0
A,5,48,171.79,107.2059975001399,0.25585185185185183,0.73,265.0
A,5,49,148.93,111.65422114725443,0.24902356902356904,0.65,265.0
A,5,50,156.33,109.30654646451877,0.24853872053872053,0.68,265.0
A,5,51,154.04,104.76525378196723,0.2786262626262626,0.7,265.0
A,5,52,160.13,105.09459120240204,0.28045791245791246,0.71,265.0
A,5,53,146.08,112.0811919993716,0.3082962962962963,0.64,265.0
A,5,54,171.04,102.3117705838385,0.290006734006734,0.75,265.0
A,5,55,153.57,112.0612560165198,0.29169023569023567,0.66,265.0
A,5,56,148.85,112.96507203556328,0.26052525252525255,0.65,265.0
A,5,57,155.62,109.720807507054,0.2505993265993266,0.68,265.0
A,5,58,158.84,105.27266691786619,0.2882962962962963,0.71,265.0
A,5,59,145.37,109.17862931911172,0.2800673400673401,0.65,265.0
A,5,60,142.08,109.63600503484246,0.29264646464646465,0.64,265.0
A,5,61,163.27,102.60417681556633,0.2791919191919192,0.73,265.0
A,5,62,155.47,104.44869123162816,0.2583973063973064,0.71,265.0
A,5,63,147.83,109.52826621470822,0.2638787878787879,0.66,265.0
A,5,64,158.3,104.6608331707712,0.2762693602693603,0.71,265.0
A,5,65,145.82,112.04502487839432,0.2657777777777778,0.64,265.0
A,5,66,137.69,115.27972024601725,0.24976430976430977,0.6,265.0
A,5,67,147.47,108.9021997023017,0.2506936026936027,0.66,265.0
A,5,68,157.27,106.43851323651604,0.2723232323232323,0.7,265.0
A,5,69,154.93,107.13937231475646,0.2844713804713805,0.69,265.0
A,5,70,145.57,108.2101894462809,0.29868013468013466,0.66,265.0
A,5,71,156.96,108.10383156946844,0.26934680134680133,0.7,265.0
A,5,72,135.23,117.35202213852133,0.27855892255892256,0.59,265.0
A,5,73,155.26,111.21210545619573,0.25855892255892254,0.67,265.0
A,5,74,159.14,111.18669164967541,0.25275420875420873,0.68,265.0
A,5,75,140.32,112.63044703809003,0.26276094276094275,0.62,265.0
A,5,76,154.47,107.31248343040058,0.2553939393939394,0.69,265.0
A,5,77,138.95,110.77223253144265,0.2777104377104377,0.63,265.0
A,5,78,169.36,102.76171660691544,0.2537912457912458,0.75,265.0
A,5,79,151.82,109.76341649201703,0.2689292929292929,0.67,265.0
A,5,80,156.19,106.19413307711496,0.24456565656565657,0.7,265.0
A,5,81,154.13,109.14748325087481,0.23194612794612796,0.68,265.0
A,5,82,158.11,108.87138237388189,0.2296161616161616,0.69,265.0
A,5,83,151.91,108.2637607881788,0.2653333333333333,0.68,265.0
A,5,84,143.98,109.4877143792855,0.28035016835016835,0.65,265.0
A,5,85,173.95,96.48589275122038,0.27315824915824916,0.78,265.0
A,5,86,150.57,105.04401506035458,0.2797171717171717,0.69,265.0
A,5,87,175.01,99.60737874274176,0.24536026936026936,0.77,265.0
A,5,88,168.97,105.66555304355342,0.2455084175084175,0.73,265.0
A,5,89,168.73,106.19009887932113,0.2656969696969697,0.73,265.0
A,5,90,143.62,109.13100201134414,0.2861683501683502,0.65,265.0
A,5,91,168.99,96.5840043692536,0.29523232323232323,0.77,265.0
A,5,92,163.24,105.51228554059475,0.2739393939393939,0.72,265.0
A,5,93,137.1,112.61380909995009,0.2564040404040404,0.61,265.0
A,5,94,146.81,111.40966699528369,0.2560942760942761,0.65,265.0
A,5,95,147.56,110.55146493828113,0.2740875420875421,0.66,265.0
A,5,96,170.78,99.57344826810007,0.2740740740740741,0.76,265.0
A,5,97,167.52,105.50625384307794,0.2517037037037037,0.73,265.0
A,5,98,147.48,111.243559813591,0.2465050505050505,0.65,265.0
A,5,99,151.64,103.22243167064028,0.291003367003367,0.7,265.0
A,5,100,156.85,104.91333328037958,0.29863973063973065,0.71,265.0
A,5,101,154.99,102.92128011252093,0.29424915824915826,0.71,265.0
A,5,102,135.1,106.49774645503068,0.3221952861952862,0.63,265.0
A,5,103,153.99,104.98776071523767,0.32111784511784514,0.7,265.0
A,5,104,138.89,107.87473244462765,0.3023973063973064,0.64,265.0
A,5,105,137.64,109.37765036788824,0.2987205387205387,0.63,265.0
A,5,106,135.77,106.59248144217302,0.31314478114478117,0.64,265.0
A,5,107,151.01,101.1321407862011,0.342020202020202,0.71,265.0
A,5,108,155.71,100.41198085885966,0.3393804713804714,0.72,265.0
A,5,109,162.26,95.81937382387758,0.3512861952861953,0.77,265.0
A,5,110,170.19,92.66204131142374,0.342976430976431,0.8,265.0
A,5,111,151.39,100.62642744329145,0.3448754208754209,0.71,265.0
A,5,112,171.1,97.39265886092235,0.3212390572390572,0.77,265.0
A,5,113,130.04,109.60683555326283,0.32106397306397305,0.6,265.0
A,5,114,176.16,91.9979043239573,0.30078114478114476,0.81,265.0
A,5,115,134.92,110.92868700205553,0.3098181818181818,0.61,265.0
A,5,116,149.18,106.26056465123833,0.29458585858585856,0.68,265.0
A,5,117,164.89,101.58148404113814,0.29014141414141414,0.75,265.0
A,5,118,163.16,100.98561481716096,0.27814141414141413,0.74,265.0
A,5,119,156.06,105.34465529869088,0.27884175084175084,0.7,265.0
A,5,120,148.35,107.35598492864756,0.2933602693602694,0.67,265.0
A,5,121,148.89,109.81210270275311,0.2761885521885522,0.66,265.0
A,5,122,167.87,100.91002477454853,0.2773333333333333,0.75,265.0
A,5,123,178.64,95.4981172589282,0.2847676767676768,0.79,265.0
A,5,124,155.2,109.09857927580909,0.26886195286195286,0.68,265.0
A,5,125,161.5,102.0377871183024,0.29085521885521887,0.73,265.0
A,5,126,153.98,108.88296285461743,0.2690774410774411,0.68,265.0
A,5,127,148.89,109.74250726131602,0.2761750841750842,0.66,265.0
A,5,128,144.45,105.7504964527354,0.2895757575757576,0.66,265.0
A,5,129,152.07,104.65115909534877,0.30744781144781147,0.69,265.0
A,5,130,157.75,104.39266018260096,0.30976430976430974,0.71,265.0
A,5,131,151.81,108.37072436779225,0.28634343434343434,0.68,265.0
A,5,132,155.71,110.21254874105762,0.2798787878787879,0.68,265.0
A,5,133,147.3,110.10563110032112,0.29055892255892257,0.66,265.0
A,5,134,146.88,104.65718131117424,0.31034343434343437,0.68,265.0
A,5,135,151.71,106.07075893006517,0.3001616161616162,0.69,265.0
A,5,136,147.86,104.42519044751606,0.3071919191919192,0.68,265.0
A,5,137,151.88,104.96430631409898,0.32203367003367006,0.69,265.0
A,5,138,149.72,102.38320956094316,0.3254814814814815,0.7,265.0
A,5,139,152.98,102.30982162040944,0.3195016835016835,0.71,265.0
A,5,140,156.34,105.16455866878347,0.2975218855218855,0.7,265.0
A,5,141,164.98,103.12467987829102,0.30363636363636365,0.73,265.0
A,5,142,137.96,108.03702328368736,0.32215488215488214,0.64,265.0
A,5,143,152.86,101.91663455982051,0.327986531986532,0.71,265.0
A,5,144,165.72,97.13568654207371,0.31397979797979797,0.76,265.0
A,5,145,151.9,105.79040599222597,0.2968080808080808,0.69,265.0
A,5,146,152.32,105.87264802582392,0.2927003367003367,0.69,265.0
A,5,147,160.93,102.25812975015727,0.2900740740740741,0.73,265.0
A,5,148,160.43,104.86412684993853,0.26835016835016834,0.72,265.0
A,5,149,164.21,104.84047834686754,0.24269360269360268,0.72,265.0
A,5,150,164.6,105.46459121430283,0.22925252525252526,0.72,265.0
A,5,151,145.53,111.57405209097679,0.2597979797979798,0.64,265.0
A,5,152,148.07,109.41272823579531,0.27375084175084174,0.66,265.0
A,5,153,134.07,111.26358388978849,0.2881212121212121,0.6,265.0
A,5,154,149.04,107.86462997665177,0.30527946127946126,0.67,265.0
A,5,155,151.44,108.91752108820693,0.28215488215488216,0.67,265.0
A,5,156,144.74,111.83099928016381,0.2615892255892256,0.64,265.0
A,5,157,160.83,106.8804055942903,0.2832727272727273,0.71,265.0
A,5,158,173.09,102.9383402819377,0.2598922558922559,0.75,265.0
A,5,159,170.23,104.35994011113652,0.2296026936026936,0.74,265.0
A,5,160,132.28,119.42445980618876,0.23315824915824915,0.56,265.0
A,5,161,166.57,107.18584374813683,0.22905050505050506,0.72,265.0
A,5,162,154.76,109.07713967646934,0.2583434343434343,0.68,265.0
A,5,163,138.26,111.72212135472545,0.2710841750841751,0.62,265.0
A,5,164,148.65,109.36849409222019,0.2814949494949495,0.67,265.0
A,5,165,161.18,106.02748511588871,0.25855892255892254,0.71,265.0
A,5,166,155.67,106.88976143672508,0.27284848484848484,0.69,265.0
A,5,167,177.32,97.67956592860145,0.3041212121212121,0.78,265.0
A,5,168,155.53,109.61783203475608,0.31142087542087543,0.68,265.0
A,5,169,149.48,109.904274712133,0.29517845117845115,0.66,265.0
A,5,170,147.44,109.54965266946309,0.30933333333333335,0.66,265.0
A,5,171,124.86,111.99044780694467,0.32414814814814813,0.57,265.0
A,5,172,147.64,102.43207700715631,0.3357979797979798,0.69,265.0
A,5,173,164.08,92.63030605584761,0.3253063973063973,0.78,265.0
A,5,174,163.17,94.21284997281421,0.3194882154882155,0.77,265.0
A,5,175,162.76,103.180920716962,0.2971178451178451,0.73,265.0
A,5,176,156.08,102.02810201116162,0.31832996632996635,0.72,265.0
A,5,177,165.25,99.13499634337008,0.3109090909090909,0.75,265.0
A,5,178,153.94,110.34834117466379,0.3035959595959596,0.67,265.0
A,5,179,145.53,114.0523086131973,0.28813468013468013,0.63,265.0
A,5,180,158.69,109.35133241072099,0.23753535353535354,0.69,265.0
A,5,181,159.58,104.83340879700516,0.254047138047138,0.71,265.0
A,5,182,142.78,108.77459078295813,0.263986531986532,0.65,265.0
A,5,183,138.26,107.13557952426449,0.28689562289562287,0.64,265.0
A,5,184,159.71,100.82125718319526,0.295016835016835,0.73,265.0
A,5,185,153.59,108.38866130735263,0.29143434343434343,0.68,265.0
A,5,186,154.36,111.58615684752299,0.2725925925925926,0.67,265.0
A,5,187,156.67,112.55239268891621,0.2499259259259259,0.67,265.0
A,5,188,154.44,109.3844888455397,0.26701683501683504,0.68,265.0
A,5,189,141.1,109.23868362443773,0.2806060606060606,0.64,265.0
A,5,190,158.26,104.0679220509375,0.2752188552188552,0.71,265.0
A,5,191,150.0,103.28233149963259,0.28084848484848485,0.69,265.0
A,5,192,149.36,104.51588587387086,0.276,0.69,265.0
A,5,193,156.91,101.55373897597272,0.30756902356902355,0.73,265.0
A,5,194,158.47,102.10283590576708,0.30867340067340066,0.73,265.0
A,5,195,165.88,100.46225958040165,0.3225454545454545,0.74,265.0
A,5,196,158.56,103.95030735885297,0.33664646464646464,0.71,265.0
A,5,197,149.15,105.48557958318283,0.31278114478114477,0.68,265.0
A,5,198,144.79,105.68711321632358,0.3174141414141414,0.67,265.0
A,5,199,141.0,107.34775265463176,0.29655218855218857,0.65,265.0
A,5,200,157.56,97.21021756996534,0.3036902356902357,0.75,265.0
A,6,0,64.41,91.97489820597792,0.4993535353535353,0.35,248.0
A,6,1,105.52,96.44920735807008,0.49043771043771045,0.58,251.0
A,6,2,126.88,95.44750180072813,0.4817777777777778,0.66,251.0
A,6,3,122.77,96.81155457898608,0.47443771043771044,0.64,251.0
A,6,4,117.92,96.91198893841774,0.4697777777777778,0.64,261.0
A,6,5,127.27,99.70565229714913,0.4687676767676768,0.64,261.0
A,6,6,133.68,97.67741601823832,0.4618181818181818,0.67,261.0
A,6,7,119.45,96.13348792174348,0.4482828282828283,0.63,261.0
A,6,8,125.23,94.19849839567507,0.4463434343434343,0.67,261.0
A,6,9,143.45,94.35214623950003,0.41919191919191917,0.72,261.0
A,6,10,138.08,96.18728398286335,0.4164040404040404,0.7,262.0
A,6,11,140.67,99.63714718918843,0.395986531986532,0.69,262.0
A,6,12,139.88,103.79829285686735,0.3872323232323232,0.66,262.0
A,6,13,135.94,105.23486304452533,0.41414141414141414,0.64,262.0
A,6,14,148.3,94.9743649623413,0.4165117845117845,0.73,262.0
A,6,15,134.33,104.47344686569883,0.4035824915824916,0.64,262.0
A,6,16,147.8,103.40309473125068,0.3696565656565657,0.69,264.0
A,6,17,151.3,98.281483505287,0.3847946127946128,0.73,264.0
A,6,18,139.07,102.91251187294964,0.38984511784511783,0.67,265.0
A,6,19,157.71,100.62636781679045,0.38395959595959595,0.73,265.0
A,6,20,130.97,109.58790581081472,0.354020202020202,0.6,265.0
A,6,21,153.2,100.22474744293447,0.35768350168350166,0.72,265.0
A,6,22,141.15,104.99022573554169,0.38347474747474747,0.66,265.0
A,6,23,154.58,101.58889506240335,0.3817104377104377,0.72,265.0
A,6,24,131.1,106.3724118369044,0.3954882154882155,0.62,265.0
A,6,25,155.1,102.01651827032718,0.37142087542087543,0.71,265.0
A,6,26,139.43,101.25929636334632,0.37834343434343437,0.68,265.0
A,6,27,156.69,94.20400150736697,0.356013468013468,0.76,265.0
A,6,28,141.91,104.86334869724502,0.37385858585858583,0.66,265.0
A,6,29,134.71,104.39332306234915,0.38642424242424245,0.64,265.0
A,6,30,154.36,98.00535903714653,0.37633670033670036,0.73,265.0
A,6,31,140.95,105.02965057544465,0.3742491582491583,0.66,265.0
A,6,32,157.39,97.73258361467788,0.368996632996633,0.74,265.0
A,6,33,154.04,101.81295791793892,0.35045117845117846,0.71,265.0
A,6,34,140.37,108.72549425042867,0.3511649831649832,0.64,265.0
A,6,35,139.37,105.71524535278722,0.3438922558922559,0.65,265.0
A,6,36,143.58,106.78110132415753,0.34705723905723906,0.66,265.0
A,6,37,158.71,98.39982672748972,0.3530774410774411,0.74,265.0
A,6,38,151.47,105.06307200915077,0.3556094276094276,0.69,265.0
A,6,39,140.0,110.22458890828307,0.36794612794612797,0.63,265.0
A,6,40,133.07,111.38215790691073,0.3552053872053872,0.6,265.0
A,6,41,142.53,105.59218294930739,0.3496969696969697,0.66,265.0
A,6,42,149.54,103.98321210657036,0.3563097643097643,0.69,265.0
A,6,43,137.69,108.25735032781839,0.3574141414141414,0.63,265.0
A,6,44,129.63,109.94668298771,0.3628013468013468,0.6,265.0
A,6,45,155.72,107.64841661631627,0.3194882154882155,0.69,265.0
A,6,46,141.51,106.43970076996646,0.32083501683501686,0.66,265.0
A,6,47,141.67,107.26416503194343,0.3336969696969697,0.65,265.0
A,6,48,158.24,100.18324410798445,0.3414141414141414,0.74,265.0
A,6,49,146.45,103.11094752740856,0.3123905723905724,0.69,265.0
A,6,50,146.25,103.44780084661056,0.3183838383838384,0.68,265.0
A,6,51,161.72,102.5934773755135,0.2678383838383838,0.73,265.0
A,6,52,147.47,110.7948062862154,0.2421818181818182,0.65,265.0
A,6,53,165.85,106.77671796791655,0.21703703703703703,0.72,265.0
A,6,54,163.34,107.65075197136339,0.2687407407407407,0.71,265.0
A,6,55,165.21,109.1124461278364,0.23257912457912458,0.71,265.0
A,6,56,166.38,107.64792427167372,0.2323905723905724,0.72,265.0
A,6,57,160.06,112.21255010024504,0.23635016835016834,0.68,265.0
A,6,58,149.93,110.76806895491137,0.24511784511784512,0.66,265.0
A,6,59,147.33,112.94246809770007,0.2236228956228956,0.64,265.0
A,6,60,142.35,112.63200033738192,0.24769023569023568,0.63,265.0
A,6,61,147.08,108.76237216979042,0.2553804713804714,0.66,265.0
A,6,62,169.3,97.11215165982061,0.26495622895622895,0.77,265.0
A,6,63,151.24,111.11274634352262,0.2453063973063973,0.66,265.0
A,6,64,133.16,113.42871946733773,0.2441077441077441,0.59,265.0
A,6,65,133.39,110.44554268959884,0.28206060606060607,0.61,265.0
A,6,66,162.43,101.71344601378917,0.27714478114478114,0.73,265.0
A,6,67,132.32,110.68494748609677,0.3186936026936027,0.6,265.0
A,6,68,147.18,106.37484477074455,0.31197306397306396,0.67,265.0
A,6,69,140.93,110.46132852722714,0.3107878787878788,0.63,265.0
A,6,70,156.56,100.39156538275513,0.32456565656565656,0.73,265.0
A,6,71,142.85,107.49719763789193,0.3352727272727273,0.65,265.0
A,6,72,154.74,99.78312683014097,0.3383973063973064,0.72,265.0
A,6,73,144.43,105.47874240812696,0.3597171717171717,0.67,265.0
A,6,74,124.02,105.16406040088029,0.37443771043771046,0.6,265.0
A,6,75,143.54,101.01202106680175,0.3669090909090909,0.69,265.0
A,6,76,140.27,101.51156141051126,0.3843367003367003,0.67,265.0
A,6,77,139.72,96.79959504047524,0.37847811447811447,0.7,265.0
A,6,78,127.95,102.59886695280801,0.39061279461279463,0.63,265.0
A,6,79,141.4,99.226911672187,0.38231649831649833,0.69,265.0
A,6,80,140.01,105.13386657019707,0.37826262626262624,0.66,265.0
A,6,81,155.9,103.23715416457391,0.36044444444444446,0.71,265.0
A,6,82,128.12,111.13417836111445,0.37032996632996634,0.58,265.0
A,6,83,140.58,110.21535101790495,0.3598249158249158,0.63,265.0
A,6,84,154.26,103.20626143795734,0.3435959595959596,0.71,265.0
A,6,85,148.41,107.31934541358329,0.3272861952861953,0.67,265.0
A,6,86,161.45,99.04366461313919,0.3324983164983165,0.74,265.0
A,6,87,151.74,103.86689751792916,0.3313265993265993,0.7,265.0
A,6,88,160.07,101.14556391656532,0.33330639730639733,0.73,265.0
A,6,89,158.59,100.92394116363074,0.34285521885521886,0.73,265.0
A,6,90,145.41,105.20875391335076,0.3500875420875421,0.67,265.0
A,6,91,135.59,106.55290657696767,0.3394882154882155,0.63,265.0
A,6,92,138.33,104.379600976436,0.3461144781144781,0.65,265.0
A,6,93,141.29,104.88968443083431,0.34825589225589226,0.66,265.0
A,6,94,152.48,106.06210256260245,0.3376026936026936,0.69,265.0
A,6,95,133.87,110.4149133948852,0.3521077441077441,0.61,265.0
A,6,96,150.79,103.59172698628012,0.33835690235690236,0.7,265.0
A,6,97,151.8,104.45314739154583,0.3366868686868687,0.69,265.0
A,6,98,146.43,100.34194088216552,0.37093602693602695,0.7,265.0
A,6,99,164.92,91.66926202386489,0.35015488215488216,0.78,265.0
A,6,100,145.02,103.79151988481526,0.3634612794612795,0.68,265.0
A,6,101,159.25,98.61200484728013,0.3433804713804714,0.75,265.0
A,6,102,155.86,100.86535777956671,0.32492929292929296,0.72,265.0
A,6,103,156.14,107.38659320417982,0.29894949494949496,0.69,265.0
A,6,104,160.9,105.46577643956354,0.3079057239057239,0.71,265.0
A,6,105,158.85,104.19120644277041,0.3127138047138047,0.71,265.0
A,6,106,165.1,97.27594769520367,0.342989898989899,0.76,265.0
A,6,107,163.26,100.05604629406461,0.3239326599326599,0.74,265.0
A,6,108,148.19,107.60052927379121,0.32637037037037037,0.67,265.0
A,6,109,138.41,107.13581053970705,0.32925252525252524,0.64,265.0
A,6,110,151.54,102.58044842951311,0.34363636363636363,0.7,265.0
A,6,111,141.06,104.96826377529545,0.3515151515151515,0.66,265.0
A,6,112,134.71,101.20981128329407,0.3578720538720539,0.66,265.0
A,6,113,158.85,92.44429403700371,0.3552188552188552,0.77,265.0
A,6,114,145.19,101.22131149120723,0.3583973063973064,0.7,265.0
A,6,115,151.85,97.36461112745226,0.37682154882154884,0.73,265.0
A,6,116,131.2,104.09630156734677,0.36453872053872055,0.63,265.0
A,6,117,152.54,102.16089467110201,0.3472188552188552,0.71,265.0
A,6,118,155.83,100.78353585779772,0.34056565656565657,0.73,265.0
A,6,119,155.72,107.55306411255795,0.31212121212121213,0.69,265.0
A,6,120,155.75,105.23434562917184,0.2949225589225589,0.7,265.0
A,6,121,145.44,110.19276927276127,0.2816296296296296,0.65,265.0
A,6,122,138.16,106.70480026690457,0.29834343434343435,0.64,265.0
A,6,123,140.3,110.86248238245435,0.3132121212121212,0.63,265.0
A,6,124,146.1,108.125066473968,0.31534006734006736,0.66,265.0
A,6,125,154.47,103.44162170035811,0.31342760942760944,0.7,265.0
A,6,126,151.07,106.67991891635464,0.32095622895622894,0.68,265.0
A,6,127,158.45,106.77587508421554,0.32455218855218854,0.7,265.0
A,6,128,154.76,109.01560622222858,0.30756902356902355,0.68,265.0
A,6,129,130.71,109.93910086952685,0.3298989898989899,0.6,265.0
A,6,130,150.06,105.71138254700863,0.31783164983164985,0.68,265.0
A,6,131,158.62,99.86478658666427,0.3307878787878788,0.73,265.0
A,6,132,152.16,98.49149404897867,0.31916498316498315,0.72,265.0
A,6,133,152.49,100.64417469481282,0.2946127946127946,0.71,265.0
A,6,134,164.21,98.34117093059245,0.28789225589225587,0.75,265.0
A,6,135,161.29,105.88260433140091,0.2883097643097643,0.71,265.0
A,6,136,158.0,107.08632032150511,0.27494949494949494,0.7,265.0
A,6,137,152.95,111.90803143653272,0.27350841750841753,0.66,265.0
A,6,138,133.08,111.55560765824372,0.2851178451178451,0.6,265.0
A,6,139,152.34,105.03696682597037,0.28669360269360267,0.69,265.0
A,6,140,149.45,107.8135775308472,0.3021010101010101,0.67,265.0
A,6,141,128.96,109.97362592912903,0.3391111111111111,0.59,265.0
A,6,142,136.84,109.36038770962729,0.3482020202020202,0.62,265.0
A,6,143,153.39,98.49851724772309,0.35054545454545455,0.73,265.0
A,6,144,152.12,99.07757364812684,0.3338316498316498,0.72,265.0
A,6,145,129.31,104.04015522864238,0.3487272727272727,0.62,265.0
A,6,146,144.39,99.4769214441219,0.3595690235690236,0.7,265.0
A,6,147,152.48,98.61698433839884,0.3713535353535354,0.73,265.0
A,6,148,145.22,101.64246947019736,0.37132659932659934,0.69,265.0
A,6,149,151.29,100.60370718815486,0.334020202020202,0.71,265.0
A,6,150,153.32,103.29326018671304,0.31042424242424244,0.7,265.0
A,6,151,147.89,110.03398520457213,0.30967003367003365,0.66,265.0
A,6,152,141.37,113.1224694744594,0.2864107744107744,0.62,265.0
A,6,153,148.07,111.29629418808157,0.27224242424242423,0.65,265.0
A,6,154,152.06,109.13018097666657,0.2706397306397306,0.67,265.0
A,6,155,153.04,108.73885414147053,0.28064646464646464,0.68,265.0
A,6,156,156.4,106.58452045208065,0.2858181818181818,0.7,265.0
A,6,157,145.53,112.26909236294733,0.28004040404040403,0.64,265.0
A,6,158,141.07,107.2272591275185,0.3181010101010101,0.65,265.0
A,6,159,166.66,101.15030598075322,0.3155151515151515,0.74,265.0
A,6,160,148.67,109.53091390105354,0.3117845117845118,0.66,265.0
A,6,161,143.53,106.24381911433719,0.30713804713804715,0.67,265.0
A,6,162,135.23,109.28100063597513,0.3049158249158249,0.63,265.0
A,6,163,150.73,103.85758084993122,0.31103030303030305,0.69,265.0
A,6,164,160.23,97.74342484279953,0.3108956228956229,0.75,265.0
A,6,165,168.93,99.04456118333808,0.31294276094276097,0.76,265.0
A,6,166,154.03,107.22988902353671,0.3293333333333333,0.69,265.0
A,6,167,148.43,108.98754561875405,0.3239461279461279,0.66,265.0
A,6,168,161.16,98.97330145044167,0.32766329966329966,0.74,265.0
A,6,169,152.74,105.33922536263499,0.32251851851851854,0.69,265.0
A,6,170,147.47,108.29620999831896,0.30238383838383837,0.66,265.0
A,6,171,144.09,109.01413623929696,0.2873804713804714,0.65,265.0
A,6,172,140.43,105.01335676950814,0.3151111111111111,0.66,265.0
A,6,173,135.67,108.1939050963593,0.31656565656565655,0.63,265.0
A,6,174,146.66,108.762513762785,0.2981548821548822,0.66,265.0
A,6,175,153.42,106.11844137566288,0.2817643097643098,0.69,265.0
A,6,176,155.2,105.76681899348209,0.2541952861952862,0.7,265.0
A,6,177,153.89,108.51008202005933,0.26176430976430975,0.68,265.0
A,6,178,172.03,100.34554848123557,0.26276094276094275,0.77,265.0
A,6,179,172.02,98.96130354840724,0.23305050505050506,0.77,265.0
A,6,180,140.53,113.61042689823853,0.22408080808080807,0.62,265.0
A,6,181,155.99,108.39008211086475,0.2305858585858586,0.69,265.0
A,6,182,166.73,104.72419538960422,0.23649831649831649,0.73,265.0
A,6,183,171.19,104.50231528535623,0.23713131313131314,0.74,265.0
A,6,184,160.5,108.21067415001166,0.25057239057239056,0.7,265.0
A,6,185,152.17,109.97600238233794,0.24425589225589225,0.67,265.0
A,6,186,134.41,114.46170494973418,0.26115824915824914,0.59,265.0
A,6,187,168.09,100.39004880963053,0.2643367003367003,0.75,265.0
A,6,188,153.01,107.3366195666698,0.2958249158249158,0.68,265.0
A,6,189,157.04,105.69947208950477,0.283030303030303,0.7,265.0
A,6,190,154.66,102.37453003555132,0.29104377104377105,0.72,265.0
A,6,191,161.75,102.32325004611612,0.2837845117845118,0.74,265.0
A,6,192,170.05,98.50232230764918,0.24505050505050505,0.77,265.0
A,6,193,165.48,102.73183343053894,0.23804713804713803,0.74,265.0
A,6,194,141.63,110.53792607064781,0.2324848484848485,0.64,265.0
A,6,195,156.75,107.17829770993752,0.24674747474747474,0.7,265.0
A,6,196,155.38,107.67309598966679,0.25757575757575757,0.69,265.0
A,6,197,140.13,110.6323329772992,0.2827070707070707,0.63,265.0
A,6,198,160.59,109.39388419834081,0.25946127946127945,0.69,265.0
A,6,199,161.77,107.26414638638579,0.26964309764309763,0.71,265.0
A,6,200,146.03,109.80750930605794,0.27924579124579124,0.65,265.0
A,7,0,66.99,93.25089758281149,0.497993265993266,0.36,256.0
A,7,1,112.24,97.38019511173715,0.4807946127946128,0.59,256.0
A,7,2,139.95,95.27679413162473,0.4703838383838384,0.71,258.0
A,7,3,135.31,94.55206978168168,0.46576430976430977,0.69,258.0
A,7,4,116.04,95.41089245992828,0.44976430976430976,0.62,258.0
A,7,5,148.83,82.71433430790579,0.43573063973063975,0.79,258.0
A,7,6,150.49,89.8074044831494,0.4186666666666667,0.76,258.0
A,7,7,140.71,103.2947525288676,0.4075016835016835,0.67,258.0
A,7,8,144.97,103.89893695317579,0.38292255892255894,0.68,258.0
A,7,9,140.67,101.71981665339356,0.3841481481481481,0.68,260.0
A,7,10,148.39,98.21414307522109,0.38253198653198656,0.72,260.0
A,7,11,134.68,102.95036473951902,0.4014814814814815,0.65,260.0
A,7,12,143.12,98.52982086657826,0.41663299663299663,0.7,260.0
A,7,13,125.4,104.93540870459313,0.4096161616161616,0.61,260.0
A,7,14,151.56,98.55661520161901,0.3692121212121212,0.72,260.0
A,7,15,160.1,94.87797426167994,0.37217508417508416,0.76,261.0
A,7,16,146.09,99.47422731542075,0.38352861952861955,0.71,263.0
A,7,17,142.69,102.78070782009628,0.3751919191919192,0.67,263.0
A,7,18,136.13,100.51822272603113,0.38435016835016833,0.67,263.0
A,7,19,150.62,104.23135612664741,0.38181818181818183,0.69,263.0
A,7,20,137.72,106.73219570495118,0.35934006734006735,0.64,263.0
A,7,21,155.57,95.17765021264182,0.3502626262626263,0.75,263.0
A,7,22,156.9,100.67437608448338,0.3433670033670034,0.73,263.0
A,7,23,127.63,108.34257288803879,0.35214814814814815,0.6,264.0
A,7,24,132.33,109.26216682823016,0.3437710437710438,0.61,264.0
A,7,25,135.8,104.87020549231322,0.3554612794612795,0.64,264.0
A,7,26,134.65,103.81323374213906,0.3710976430976431,0.65,264.0
A,7,27,129.09,104.67818254058483,0.37016835016835015,0.62,264.0
A,7,28,149.93,96.5633734911949,0.37792592592592594,0.73,265.0
A,7,29,147.11,100.24648572393947,0.39636363636363636,0.7,265.0
A,7,30,144.17,102.90112292876108,0.4093333333333333,0.68,265.0
A,7,31,133.35,101.75867284905007,0.41003367003367003,0.65,265.0
A,7,32,135.44,103.39974081205426,0.37962289562289564,0.65,265.0
A,7,33,142.49,102.24318999327045,0.3882828282828283,0.68,265.0
A,7,34,142.92,104.15523798638262,0.37163636363636365,0.67,265.0
A,7,35,148.23,100.99523305582298,0.3637037037037037,0.7,265.0
A,7,36,132.3,100.90812653101831,0.363016835016835,0.65,265.0
A,7,37,153.5,96.01203049618313,0.3713939393939394,0.74,265.0
A,7,38,150.03,100.20772974177191,0.382989898989899,0.71,265.0
A,7,39,136.82,107.45467695731071,0.37597306397306396,0.63,265.0
A,7,40,138.47,105.56831484872721,0.3546801346801347,0.65,265.0
A,7,41,137.45,106.59018482017939,0.35424915824915826,0.64,265.0
A,7,42,134.73,109.06464642586982,0.35598653198653196,0.62,265.0
A,7,43,166.42,97.65625223199996,0.32886195286195286,0.76,265.0
A,7,44,142.26,106.41575259330733,0.326989898989899,0.65,265.0
A,7,45,164.22,98.73424735115977,0.31006060606060604,0.75,265.0
A,7,46,155.92,105.38383936828266,0.3105993265993266,0.7,265.0
A,7,47,165.38,103.2045328461885,0.3051582491582492,0.74,265.0
A,7,48,140.95,108.42955086137728,0.3334949494949495,0.64,265.0
A,7,49,151.08,107.29078991227533,0.3327407407407407,0.68,265.0
A,7,50,156.52,107.59716353138683,0.31905723905723904,0.69,265.0
A,7,51,154.47,108.42974269083183,0.31002020202020203,0.68,265.0
A,7,52,163.03,103.50656549224306,0.32581818181818184,0.73,265.0
A,7,53,167.06,103.65344374404548,0.31278114478114477,0.74,265.0
A,7,54,156.77,112.59767804000224,0.2882693602693603,0.67,265.0
A,7,55,150.46,110.6489421549072,0.28455218855218856,0.66,265.0
A,7,56,150.24,113.20054063475139,0.2928619528619529,0.65,265.0
A,7,57,149.8,110.37535956906325,0.2804848484848485,0.66,265.0
A,7,58,157.64,99.82780374224407,0.30187205387205385,0.73,265.0
A,7,59,176.64,93.84119777581698,0.30204713804713806,0.8,265.0
A,7,60,156.41,107.62788625630441,0.30435016835016837,0.69,265.0
A,7,61,142.99,112.67967829205051,0.30187205387205385,0.63,265.0
A,7,62,132.1,110.91586901791825,0.326976430976431,0.6,265.0
A,7,63,156.96,100.86832208379398,0.3195959595959596,0.73,265.0
A,7,64,171.41,97.9015929390324,0.28494276094276094,0.77,265.0
A,7,65,165.47,103.16408822841406,0.26884848484848484,0.74,265.0
A,7,66,147.1,113.51092458437645,0.2696296296296296,0.64,265.0
A,7,67,158.12,108.9847035138418,0.2763097643097643,0.69,265.0
A,7,68,151.97,108.77053415332666,0.2806195286195286,0.68,265.0
A,7,69,159.05,108.11996809100529,0.2602962962962963,0.7,265.0
A,7,70,160.36,108.14162195935477,0.2685925925925926,0.7,265.0
A,7,71,158.99,107.25982425866638,0.275030303030303,0.7,265.0
A,7,72,154.71,111.02200637711427,0.2621952861952862,0.67,265.0
A,7,73,138.16,107.1091704757347,0.30087542087542085,0.64,265.0
A,7,74,140.57,103.93365720496897,0.34036363636363637,0.67,265.0
A,7,75,148.32,105.35700071661114,0.31507070707070706,0.68,265.0
A,7,76,158.15,104.14541516552708,0.322976430976431,0.71,265.0
A,7,77,151.78,101.5226654496423,0.3388282828282828,0.71,265.0
A,7,78,139.51,102.62665297085353,0.34354208754208754,0.67,265.0
A,7,79,149.45,101.57345863954816,0.3475151515151515,0.7,265.0
A,7,80,149.36,100.58981260545225,0.3437037037037037,0.71,265.0
A,7,81,134.6,107.00429897905971,0.3447003367003367,0.63,265.0
A,7,82,135.77,106.8352802214699,0.3792053872053872,0.64,265.0
A,7,83,147.02,101.28514007493892,0.36538720538720537,0.7,265.0
A,7,84,164.03,97.83040989385663,0.3507205387205387,0.76,265.0
A,7,85,157.2,103.76425203315446,0.33815488215488215,0.71,265.0
A,7,86,151.12,99.6904488905532,0.3473939393939394,0.71,265.0
A,7,87,145.61,98.79938208308795,0.37936700336700335,0.7,265.0
A,7,88,136.39,97.3324092992668,0.3781010101010101,0.68,265.0
A,7,89,153.06,94.83510109658765,0.3774949494949495,0.74,265.0
A,7,90,135.93,105.46774435816859,0.38436363636363635,0.64,265.0
A,7,91,145.19,101.05767610627112,0.38237037037037036,0.69,265.0
A,7,92,155.17,98.322841191658,0.37416835016835015,0.73,265.0
A,7,93,163.64,93.74737542992871,0.3575218855218855,0.77,265.0
A,7,94,134.84,108.2690833063622,0.35493602693602694,0.62,265.0
A,7,95,158.63,101.89383249245266,0.31505723905723904,0.73,265.0
A,7,96,166.42,97.40166117679922,0.30122558922558923,0.77,265.0
A,7,97,150.46,108.64073085173904,0.31862626262626265,0.67,265.0
A,7,98,156.12,102.10722599307064,0.31815488215488213,0.72,265.0
A,7,99,141.62,108.08161545794918,0.3033131313131313,0.65,265.0
A,7,100,165.03,103.06303459533879,0.2913804713804714,0.73,265.0
A,7,101,149.94,107.82493403661323,0.3174006734006734,0.67,265.0
A,7,102,146.48,105.83340493435898,0.30777104377104375,0.67,265.0
A,7,103,165.07,102.04766092370761,0.31084175084175086,0.74,265.0
A,7,104,164.87,101.338408809296,0.30105050505050507,0.74,265.0
A,7,105,162.29,105.38911661077724,0.2814276094276094,0.72,265.0
A,7,106,153.66,110.18577222128091,0.29148821548821546,0.67,265.0
A,7,107,149.19,109.66810794392325,0.30593939393939396,0.66,265.0
A,7,108,153.81,101.41367708548982,0.3288754208754209,0.72,265.0
A,7,109,146.0,104.76707498064457,0.3238787878787879,0.68,265.0
A,7,110,162.43,102.66384514521167,0.31672727272727275,0.73,265.0
A,7,111,171.15,100.15891123609522,0.28783838383838384,0.76,265.0
A,7,112,155.76,101.36874468986977,0.30743434343434345,0.72,265.0
A,7,113,154.35,103.3506047394015,0.3093872053872054,0.71,265.0
A,7,114,151.64,102.51170859955462,0.29812794612794613,0.71,265.0
A,7,115,163.79,100.33915437156125,0.3018989898989899,0.75,265.0
A,7,116,162.69,102.3248449791154,0.2868282828282828,0.73,265.0
A,7,117,162.57,102.06569012160746,0.28909090909090907,0.73,265.0
A,7,118,140.09,107.00430785720732,0.31516498316498315,0.65,265.0
A,7,119,154.95,103.49795891707237,0.31462626262626264,0.71,265.0
A,7,120,166.8,101.93439066379902,0.26921212121212124,0.74,265.0
A,7,121,140.95,105.57067537910326,0.2830841750841751,0.66,265.0
A,7,122,156.21,102.34307939474951,0.301010101010101,0.72,265.0
A,7,123,161.41,100.0150083737436,0.30024242424242426,0.74,265.0
A,7,124,158.54,106.13278664013303,0.28774410774410775,0.71,265.0
A,7,125,152.51,108.0999070304873,0.27214814814814814,0.68,265.0
A,7,126,180.29,95.97169322253306,0.24676094276094276,0.8,265.0
A,7,127,150.85,111.99699772761767,0.22837710437710437,0.66,265.0
A,7,128,139.9,116.76313630594206,0.22465993265993267,0.6,265.0
A,7,129,151.17,114.72044761070276,0.21512457912457914,0.65,265.0
A,7,130,154.54,110.6374638176418,0.23345454545454544,0.68,265.0
A,7,131,157.9,109.69106618134404,0.23384511784511786,0.69,265.0
A,7,132,160.6,110.57739371137303,0.2110976430976431,0.69,265.0
A,7,133,162.67,111.75768922092116,0.2122828282828283,0.69,265.0
A,7,134,163.3,111.96825442954801,0.22740740740740742,0.69,265.0
A,7,135,144.82,115.80754552273355,0.23047811447811448,0.62,265.0
A,7,136,172.47,103.68080391277837,0.21835690235690236,0.75,265.0
A,7,137,156.26,109.71860553251668,0.2123097643097643,0.68,265.0
A,7,138,146.6,110.63896239571304,0.24115824915824915,0.65,265.0
A,7,139,161.77,106.29796376224711,0.2356094276094276,0.71,265.0
A,7,140,164.57,105.52452368999352,0.234989898989899,0.72,265.0
A,7,141,181.74,93.96867776019837,0.2537508417508417,0.8,265.0
A,7,142,148.64,109.56993383223337,0.2855892255892256,0.66,265.0
A,7,143,159.17,107.48349222089874,0.2863299663299663,0.7,265.0
A,7,144,140.49,109.53223224238609,0.30308417508417507,0.64,265.0
A,7,145,133.53,107.83102104682122,0.30852525252525254,0.62,265.0
A,7,146,146.1,103.70424292187856,0.3296430976430976,0.68,265.0
A,7,147,137.09,102.9522311560075,0.3527272727272727,0.66,265.0
A,7,148,148.99,102.26431391252765,0.36004040404040405,0.7,265.0
A,7,149,137.96,105.82106784567995,0.35469360269360267,0.65,265.0
A,7,150,161.76,102.48542530525988,0.33345454545454545,0.73,265.0
A,7,151,144.62,104.53332291666612,0.3341818181818182,0.67,265.0
A,7,152,154.54,104.36325215323639,0.3433131313131313,0.71,265.0
A,7,153,160.53,104.12736960088831,0.32475420875420874,0.72,265.0
A,7,154,172.89,101.28049121128906,0.29225589225589227,0.76,265.0
A,7,155,167.66,107.30342212623042,0.3010909090909091,0.72,265.0
A,7,156,150.41,112.41077306023654,0.3007676767676768,0.65,265.0
A,7,157,130.57,114.36050498314529,0.30654545454545457,0.58,265.0
A,7,158,121.48,114.53501473348663,0.2816296296296296,0.54,265.0
A,7,159,164.88,99.88906646875823,0.2822760942760943,0.75,265.0
A,7,160,142.88,108.44531156301778,0.2706397306397306,0.65,265.0
A,7,161,140.53,110.52451809440294,0.2844175084175084,0.63,265.0
A,7,162,129.33,111.63458738222666,0.3078114478114478,0.59,265.0
A,7,163,143.23,107.58520855582331,0.30453872053872055,0.66,265.0
A,7,164,145.62,107.12840706367288,0.31116498316498314,0.67,265.0
A,7,165,153.73,102.40262252501154,0.30597979797979796,0.72,265.0
A,7,166,157.94,103.38537807639918,0.29733333333333334,0.72,265.0
A,7,167,155.53,104.3738908923108,0.2901952861952862,0.71,265.0
A,7,168,143.6,111.23281889802128,0.2779259259259259,0.64,265.0
A,7,169,147.28,108.84953651715749,0.29534006734006735,0.66,265.0
A,7,170,147.85,108.34485451556986,0.2738316498316498,0.67,265.0
A,7,171,155.15,105.65040227088583,0.2781279461279461,0.71,265.0
A,7,172,154.29,102.17527049144522,0.2748013468013468,0.72,265.0
A,7,173,169.2,101.30241852986532,0.23733333333333334,0.75,265.0
A,7,174,165.99,104.6251876939774,0.2678787878787879,0.73,265.0
A,7,175,155.42,110.74928261618673,0.24703030303030302,0.68,265.0
A,7,176,147.02,109.88075172658768,0.26056565656565656,0.66,265.0
A,7,177,151.0,105.24865794868836,0.2592053872053872,0.69,265.0
A,7,178,162.83,100.28380277991056,0.2767272727272727,0.74,265.0
A,7,179,145.79,108.47942615998667,0.30004040404040405,0.66,265.0
A,7,180,147.11,112.00543692160662,0.27885521885521886,0.65,265.0
A,7,181,134.0,110.83329824560849,0.30017508417508415,0.61,265.0
A,7,182,135.82,109.7508432769425,0.3067205387205387,0.62,265.0
A,7,183,153.72,107.43594184443118,0.2995151515151515,0.69,265.0
A,7,184,151.92,106.77506075858724,0.29134006734006734,0.68,265.0
A,7,185,141.14,111.7133850530007,0.30544107744107746,0.63,265.0
A,7,186,147.27,104.4502613687491,0.31043771043771046,0.68,265.0
A,7,187,167.13,97.078283359359,0.3380875420875421,0.76,265.0
A,7,188,148.83,106.41259840827121,0.3261952861952862,0.68,265.0
A,7,189,141.36,107.29263907649955,0.3217373737373737,0.65,265.0
A,7,190,157.35,101.5275701472265,0.2898855218855219,0.72,265.0
A,7,191,147.68,106.84248967522238,0.3192053872053872,0.67,265.0
A,7,192,144.22,107.3605681803147,0.3057104377104377,0.66,265.0
A,7,193,158.86,106.47751124063709,0.30845791245791243,0.71,265.0
A,7,194,150.32,106.78678569935515,0.303959595959596,0.68,265.0
A,7,195,157.36,98.98116184406001,0.334989898989899,0.73,265.0
A,7,196,139.07,102.36251804249446,0.36227609427609425,0.67,265.0
A,7,197,158.65,100.8353484647125,0.32672053872053874,0.73,265.0
A,7,198,159.16,107.50364831018526,0.2943164983164983,0.7,265.0
A,7,199,149.88,109.86330415566428,0.29494949494949496,0.66,265.0
A,7,200,162.6,106.95531777335805,0.2873804713804714,0.71,265.0
A,8,0,81.41,95.96854640974823,0.5018585858585859,0.44,249.0
A,8,1,114.51,99.23099263838894,0.4907205387205387,0.59,249.0
A,8,2,118.69,94.27944579811658,0.46300336700336703,0.64,249.0
A,8,3,134.91,96.22672134080014,0.45546127946127946,0.68,253.0
A,8,4,140.2,94.78407039160115,0.4402020202020202,0.71,253.0
A,8,5,135.03,96.8324795716809,0.44412121212121214,0.68,254.0
A,8,6,136.66,94.30209117511657,0.4507070707070707,0.7,257.0
A,8,7,145.47,91.70130369847529,0.4501818181818182,0.74,257.0
A,8,8,140.83,93.65896166411413,0.4522828282828283,0.73,257.0
A,8,9,145.12,97.22667123788617,0.43595959595959594,0.72,257.0
A,8,10,137.17,103.00243249554838,0.44362289562289564,0.66,259.0
A,8,11,123.95,98.80843840482451,0.43917845117845117,0.64,259.0
A,8,12,140.41,98.68638153261067,0.438989898989899,0.69,259.0
A,8,13,144.23,98.50379231278357,0.42977777777777776,0.7,259.0
A,8,14,155.13,95.63426739406749,0.4252121212121212,0.75,261.0
A,8,15,143.36,102.60316954168619,0.42127946127946125,0.68,261.0
A,8,16,134.07,103.1620332292845,0.42457912457912456,0.65,261.0
A,8,17,137.42,103.98790121932456,0.41403367003367003,0.65,261.0
A,8,18,136.41,104.3168342119334,0.40300336700336703,0.65,261.0
A,8,19,135.61,106.63422480610996,0.3876767676767677,0.64,265.0
A,8,20,140.79,107.07551494155888,0.3902895622895623,0.65,265.0
A,8,21,146.72,108.66573332932512,0.3840942760942761,0.66,265.0
A,8,22,135.24,109.18022897942649,0.3865050505050505,0.62,265.0
A,8,23,133.48,110.41870131458708,0.37517845117845117,0.61,265.0
A,8,24,148.05,102.21588672999907,0.3652121212121212,0.7,265.0
A,8,25,144.35,106.28305368213694,0.3599191919191919,0.67,265.0
A,8,26,145.52,105.96871991300074,0.36094276094276095,0.67,265.0
A,8,27,147.78,104.10980549400712,0.35424915824915826,0.68,265.0
A,8,28,142.04,106.94203289633127,0.3542626262626263,0.65,265.0
A,8,29,118.72,109.84080116240959,0.37027609427609426,0.56,265.0
A,8,30,148.82,102.22566996601196,0.371016835016835,0.7,265.0
A,8,31,150.84,99.62115437998096,0.37674074074074076,0.71,265.0
A,8,32,154.86,96.80372100286228,0.3717979797979798,0.74,265.0
A,8,33,163.22,98.07635596819449,0.35395286195286196,0.75,265.0
A,8,34,159.47,98.1151828210089,0.34746127946127947,0.74,265.0
A,8,35,165.66,93.90039616529846,0.33985185185185185,0.78,265.0
A,8,36,173.13,95.94630321174442,0.3275959595959596,0.78,265.0
A,8,37,156.89,105.3904070587072,0.3316902356902357,0.7,265.0
A,8,38,159.94,100.80504154058963,0.33391245791245794,0.73,265.0
A,8,39,151.9,104.50105262627741,0.30762289562289563,0.7,265.0
A,8,40,159.89,99.18033020715347,0.2841077441077441,0.75,265.0
A,8,41,159.39,101.75400680071522,0.28874074074074074,0.73,265.0
A,8,42,131.34,112.62523873448616,0.2898047138047138,0.59,265.0
A,8,43,152.9,108.22453511103663,0.30114478114478116,0.68,265.0
A,8,44,161.25,104.03579912703127,0.2931717171717172,0.72,265.0
A,8,45,140.44,110.46459342250802,0.28853872053872054,0.63,265.0
A,8,46,151.39,107.32146989302746,0.3022222222222222,0.68,265.0
A,8,47,161.38,98.44955865822863,0.293023569023569,0.75,265.0
A,8,48,175.94,93.57647353902583,0.27125925925925926,0.8,265.0
A,8,49,146.69,111.97130837853062,0.26356902356902356,0.65,265.0
A,8,50,162.47,106.80388148377381,0.27041077441077443,0.71,265.0
A,8,51,146.15,106.42117975290445,0.2988956228956229,0.67,265.0
A,8,52,159.93,101.53563463139432,0.30212794612794613,0.73,265.0
A,8,53,165.26,98.72533818630352,0.31626936026936026,0.76,265.0
A,8,54,162.14,107.31617026338574,0.28445791245791247,0.71,265.0
A,8,55,149.34,111.46005741968735,0.2873265993265993,0.65,265.0
A,8,56,156.17,109.69066095160517,0.25602693602693605,0.68,265.0
A,8,57,148.67,110.37581755076609,0.2903164983164983,0.66,265.0
A,8,58,145.51,110.27860127876124,0.2743164983164983,0.65,265.0
A,8,59,150.24,110.9595529911688,0.29853198653198654,0.66,265.0
A,8,60,148.34,108.03344111894242,0.26794612794612793,0.67,265.0
A,8,61,154.58,105.92904983997543,0.2807811447811448,0.7,265.0
A,8,62,157.64,103.74714646678241,0.27524579124579124,0.72,265.0
A,8,63,162.15,103.23743264920918,0.30676094276094273,0.73,265.0
A,8,64,132.65,110.46821941173852,0.32211447811447813,0.61,265.0
A,8,65,139.26,105.61322076331163,0.32727272727272727,0.66,265.0
A,8,66,140.19,113.16728281619207,0.3091986531986532,0.62,265.0
A,8,67,143.98,109.63375210216971,0.32063299663299666,0.65,265.0
A,8,68,158.34,105.44393960773658,0.31793939393939397,0.71,265.0
A,8,69,164.79,102.31073208613063,0.32826936026936027,0.74,265.0
A,8,70,144.25,107.52547372599668,0.3315286195286195,0.66,265.0
A,8,71,147.54,108.88539112296012,0.31977104377104376,0.66,265.0
A,8,72,134.27,110.129637700303,0.3384781144781145,0.61,265.0
A,8,73,145.53,102.50077609462281,0.3402154882154882,0.69,265.0
A,8,74,154.75,99.60325044896878,0.34606060606060607,0.73,265.0
A,8,75,132.46,105.66053378627234,0.3423030303030303,0.63,265.0
A,8,76,154.14,103.66089137181872,0.3461683501683502,0.71,265.0
A,8,77,138.12,107.56070658005183,0.344996632996633,0.64,265.0
A,8,78,140.13,103.76595347222518,0.3683905723905724,0.67,265.0
A,8,79,138.62,103.6128158096285,0.356969696969697,0.66,265.0
A,8,80,161.66,91.05802765270067,0.3631649831649832,0.79,265.0
A,8,81,138.98,104.16659541330897,0.34993939393939394,0.66,265.0
A,8,82,156.13,102.56916251973591,0.3338047138047138,0.72,265.0
A,8,83,147.55,103.74289132273111,0.32262626262626265,0.69,265.0
A,8,84,147.18,103.914809339189,0.3435824915824916,0.69,265.0
A,8,85,154.51,102.81959881267774,0.3408754208754209,0.71,265.0
A,8,86,150.59,109.77204516633549,0.30724579124579127,0.67,265.0
A,8,87,155.61,105.60027414737142,0.289979797979798,0.7,265.0
A,8,88,156.31,105.59561496577402,0.2995016835016835,0.7,265.0
A,8,89,145.01,109.32533969761995,0.2796094276094276,0.65,265.0
A,8,90,135.03,113.13076106877386,0.2685791245791246,0.6,265.0
A,8,91,159.06,111.66833212688368,0.23785858585858585,0.68,265.0
A,8,92,161.22,110.79851804063085,0.22294949494949495,0.69,265.0
A,8,93,143.33,116.60223454119566,0.22041750841750843,0.61,265.0
A,8,94,147.96,116.1816612034791,0.22995286195286196,0.63,265.0
A,8,95,153.62,108.67113508195267,0.22806734006734006,0.68,265.0
A,8,96,139.48,114.56408512269455,0.23197306397306397,0.61,265.0
A,8,97,137.45,111.08171541707482,0.26274747474747473,0.62,265.0
A,8,98,139.55,108.56853826040027,0.2915690235690236,0.64,265.0
A,8,99,157.75,99.70750974726026,0.31503030303030305,0.73,265.0
A,8,100,144.91,102.49508232105578,0.3261414141414141,0.68,265.0
A,8,101,145.15,104.83171037429467,0.31236363636363634,0.67,265.0
A,8,102,161.86,91.58340679402573,0.32751515151515154,0.78,265.0
A,8,103,161.01,97.81385331332163,0.3292794612794613,0.75,265.0
A,8,104,140.88,105.63458524555297,0.33535353535353535,0.66,265.0
A,8,105,169.24,89.60191069391323,0.33614814814814814,0.81,265.0
A,8,106,162.04,101.10310776627988,0.30364983164983167,0.74,265.0
A,8,107,143.67,110.91294378926203,0.3006195286195286,0.64,265.0
A,8,108,160.84,102.35035124512275,0.2931178451178451,0.73,265.0
A,8,109,160.2,101.81728733373328,0.29294276094276095,0.73,265.0
A,8,110,155.08,100.06594625545696,0.3130909090909091,0.72,265.0
A,8,111,142.21,107.40086545275135,0.32432323232323235,0.65,265.0
A,8,112,156.62,99.50344516648657,0.3247003367003367,0.73,265.0
A,8,113,164.67,95.16018652777011,0.31142087542087543,0.77,265.0
A,8,114,157.78,104.10356189871698,0.30898316498316497,0.71,265.0
A,8,115,159.54,104.88225970105718,0.3039057239057239,0.71,265.0
A,8,116,146.64,107.81488950975185,0.295973063973064,0.66,265.0
A,8,117,140.8,111.08816318582281,0.32195286195286194,0.63,265.0
A,8,118,148.7,105.48198898390187,0.33345454545454545,0.68,265.0
A,8,119,145.43,107.16680969404659,0.3512188552188552,0.66,265.0
A,8,120,143.05,103.65928564291768,0.3477979797979798,0.67,265.0
A,8,121,151.78,103.05499308621586,0.3269360269360269,0.7,265.0
A,8,122,144.95,105.1742720440698,0.35868013468013465,0.67,265.0
A,8,123,154.2,102.69605639945479,0.35727946127946125,0.71,265.0
A,8,124,150.78,107.01024063144611,0.3415218855218855,0.68,265.0
A,8,125,163.64,96.41696116347995,0.3347340067340067,0.77,265.0
A,8,126,163.61,99.55680740160363,0.3340740740740741,0.75,265.0
A,8,127,133.96,108.54537484388729,0.344983164983165,0.62,265.0
A,8,128,159.57,96.02721020627435,0.34899663299663297,0.76,265.0
A,8,129,135.93,107.99178255774837,0.34763636363636363,0.63,265.0
A,8,130,162.0,100.31221261641078,0.3612255892255892,0.74,265.0
A,8,131,152.52,105.30066286590981,0.35279461279461277,0.69,265.0
A,8,132,127.57,111.02443469795287,0.3422087542087542,0.58,265.0
A,8,133,153.54,104.20282337825593,0.344996632996633,0.7,265.0
A,8,134,140.91,107.98648943270635,0.35344107744107744,0.64,265.0
A,8,135,170.98,93.72576806833861,0.36123905723905725,0.78,265.0
A,8,136,154.52,104.27190225559329,0.3572659932659933,0.7,265.0
A,8,137,131.21,104.47557561459043,0.35723905723905724,0.63,265.0
A,8,138,154.25,101.03290305638059,0.3574141414141414,0.72,265.0
A,8,139,138.25,105.31100369856894,0.3433939393939394,0.65,265.0
A,8,140,164.81,99.12282229638137,0.3258855218855219,0.75,265.0
A,8,141,146.14,108.96467500983977,0.3141818181818182,0.66,265.0
A,8,142,154.24,102.10730825949727,0.3109090909090909,0.71,265.0
A,8,143,141.0,107.16006718922866,0.32017508417508417,0.65,265.0
A,8,144,144.51,103.14780608427888,0.3452255892255892,0.68,265.0
A,8,145,133.14,105.94253347924052,0.3376026936026936,0.63,265.0
A,8,146,170.65,96.83691186732463,0.3094006734006734,0.78,265.0
A,8,147,137.44,116.65430296392842,0.2727272727272727,0.59,265.0
A,8,148,152.07,108.1620316931963,0.2847003367003367,0.68,265.0
A,8,149,134.76,111.59553037644473,0.2794747474747475,0.61,265.0
A,8,150,150.07,107.95038258385192,0.2774006734006734,0.68,265.0
A,8,151,170.89,99.77774250803633,0.26686868686868687,0.77,265.0
A,8,152,185.67,93.80704184654797,0.23337373737373737,0.81,265.0
A,8,153,141.02,111.14836750937911,0.24973737373737373,0.63,265.0
A,8,154,171.2,102.87497266099273,0.26025589225589224,0.75,265.0
A,8,155,159.16,101.06915652166096,0.2833131313131313,0.73,265.0
A,8,156,163.44,102.84496292964475,0.28503703703703703,0.73,265.0
A,8,157,173.58,101.73634355529002,0.289023569023569,0.76,265.0
A,8,158,139.22,111.70555760569837,0.320040404040404,0.62,265.0
A,8,159,169.49,99.39019015979395,0.33015488215488215,0.76,265.0
A,8,160,140.6,108.83096985692997,0.3118922558922559,0.64,265.0
A,8,161,148.01,108.85674025984795,0.3032592592592593,0.66,265.0
A,8,162,157.38,105.29214405642996,0.296969696969697,0.71,265.0
A,8,163,156.25,108.08287329637383,0.2784107744107744,0.69,265.0
A,8,164,133.28,110.60841559302803,0.2860740740740741,0.61,265.0
A,8,165,144.42,108.72425488362751,0.29396632996633,0.65,265.0
A,8,166,142.61,108.16551160143422,0.30647811447811446,0.65,265.0
A,8,167,149.3,108.519721709927,0.2952727272727273,0.67,265.0
A,8,168,153.13,106.71697662508997,0.30204713804713806,0.69,265.0
A,8,169,146.61,108.38476784124234,0.29655218855218857,0.66,265.0
A,8,170,139.59,108.6277215999673,0.345023569023569,0.64,265.0
A,8,171,150.79,98.62659833939321,0.3638114478114478,0.72,265.0
A,8,172,147.46,105.01451518718733,0.3152996632996633,0.68,265.0
A,8,173,136.92,111.22155186833172,0.30985858585858583,0.62,265.0
A,8,174,164.57,103.70547285461844,0.3204444444444444,0.73,265.0
A,8,175,137.04,108.22854706591973,0.31434343434343437,0.63,265.0
A,8,176,152.94,105.95006559695942,0.3294410774410774,0.69,265.0
A,8,177,150.93,106.68413705888989,0.2797979797979798,0.68,265.0
A,8,178,149.15,104.63444700479857,0.2978047138047138,0.68,265.0
A,8,179,159.14,102.41787148735322,0.3225454545454545,0.72,265.0
A,8,180,137.57,111.82998300992449,0.3322020202020202,0.62,265.0
A,8,181,138.36,111.06588315049765,0.2977912457912458,0.62,265.0
A,8,182,141.27,108.27759278816647,0.30503703703703705,0.65,265.0
A,8,183,148.97,106.72576586747925,0.29063973063973064,0.68,265.0
A,8,184,169.73,97.79292970353225,0.28379797979797977,0.77,265.0
A,8,185,170.69,101.81882880882101,0.2861010101010101,0.75,265.0
A,8,186,133.25,107.62354528633593,0.2983030303030303,0.62,265.0
A,8,187,141.98,105.35900341214321,0.31247138047138046,0.66,265.0
A,8,188,156.55,99.38202805336587,0.33904377104377104,0.73,265.0
A,8,189,165.83,91.8418265280041,0.3478787878787879,0.79,265.0
A,8,190,134.0,109.6299229225306,0.35644444444444445,0.61,265.0
A,8,191,155.47,92.74345852942946,0.35054545454545455,0.76,265.0
A,8,192,148.48,97.43679797694504,0.38107744107744107,0.72,265.0
A,8,193,141.27,101.93741756587715,0.38122558922558925,0.67,265.0
A,8,194,123.42,103.43927493945421,0.37416835016835015,0.61,265.0
A,8,195,152.25,97.87986258674458,0.35893602693602694,0.73,265.0
A,8,196,153.95,96.73110926687444,0.3406195286195286,0.74,265.0
A,8,197,143.19,103.20529976701778,0.36107744107744105,0.68,265.0
A,8,198,160.62,99.90273069340998,0.3765925925925926,0.74,265.0
A,8,199,139.91,108.77353492463138,0.34334006734006733,0.64,265.0
A,8,200,128.99,106.20899161558782,0.340983164983165,0.61,265.0
A,9,0,60.04,90.68846894727025,0.5001346801346801,0.32,243.0
A,9,1,118.93,97.98155489682739,0.49463973063973066,0.62,257.0
A,9,2,121.81,93.48996684136753,0.46993939393939393,0.66,257.0
A,9,3,140.28,91.23903550564309,0.46865993265993267,0.74,257.0
A,9,4,148.75,91.42213900363522,0.4620740740740741,0.75,257.0
A,9,5,139.78,95.3478452824184,0.4723905723905724,0.7,258.0
A,9,6,128.78,94.85510845494828,0.4716094276094276,0.67,258.0
A,9,7,129.41,94.64312917481122,0.46474074074074073,0.68,258.0
A,9,8,143.25,94.34419695985545,0.4593400673400673,0.72,258.0
A,9,9,109.03,104.41460194819496,0.4643771043771044,0.54,258.0
A,9,10,130.37,98.25483753993998,0.44086195286195284,0.66,258.0
A,9,11,133.33,96.56469903644913,0.4477845117845118,0.68,258.0
A,9,12,148.83,93.51770474086712,0.425010101010101,0.74,259.0
A,9,13,158.61,91.51162713010844,0.3964175084175084,0.77,259.0
A,9,14,147.49,101.86721700331269,0.40224915824915825,0.69,259.0
A,9,15,154.27,92.8303673374182,0.4056161616161616,0.75,260.0
A,9,16,142.39,100.8714920083965,0.3944377104377104,0.69,260.0
A,9,17,158.99,97.77530311893693,0.3885925925925926,0.74,260.0
A,9,18,140.02,103.71460649301044,0.37846464646464645,0.66,260.0
A,9,19,147.88,98.33659339228709,0.38181818181818183,0.71,260.0
A,9,20,135.22,105.31254246289946,0.38463299663299666,0.64,260.0
A,9,21,128.97,106.04107270298618,0.38567003367003366,0.62,265.0
A,9,22,153.16,103.97708593723907,0.3876363636363636,0.7,265.0
A,9,23,145.16,103.23591623073823,0.37736026936026934,0.69,265.0
A,9,24,127.74,105.75439659891212,0.38026936026936026,0.62,265.0
A,9,25,137.3,103.14305599505961,0.36653198653198654,0.66,265.0
A,9,26,149.58,103.06271682815274,0.3793939393939394,0.7,265.0
A,9,27,146.86,101.08422428846154,0.3717845117845118,0.7,265.0
A,9,28,129.52,104.00033461484631,0.37348148148148147,0.63,265.0
A,9,29,144.04,102.8589247464701,0.3620606060606061,0.68,265.0
A,9,30,157.01,101.0844691334925,0.35554208754208755,0.72,265.0
A,9,31,137.5,106.54459160370365,0.3393670033670034,0.64,265.0
A,9,32,151.89,100.7652613751386,0.3498181818181818,0.71,265.0
A,9,33,148.27,104.0492051867769,0.33870707070707073,0.69,265.0
A,9,34,134.62,110.74527348830739,0.3375892255892256,0.61,265.0
A,9,35,148.26,111.10064086223805,0.32016161616161615,0.65,265.0
A,9,36,159.17,102.64668090104036,0.30906397306397304,0.72,265.0
A,9,37,168.26,102.84256122831636,0.2754208754208754,0.74,265.0
A,9,38,143.35,114.11103145620935,0.29003367003367003,0.62,265.0
A,9,39,130.22,113.76595096952339,0.29143434343434343,0.58,265.0
A,9,40,160.41,104.01106623816527,0.2981010101010101,0.72,265.0
A,9,41,148.07,105.60911466346073,0.3164444444444444,0.68,265.0
A,9,42,149.79,107.32597961351203,0.30048484848484847,0.68,265.0
A,9,43,159.12,103.57164476824727,0.28285521885521886,0.72,265.0
A,9,44,164.56,103.86349888194601,0.2733333333333333,0.73,265.0
A,9,45,131.52,114.45317645220688,0.2756363636363636,0.58,265.0
A,9,46,165.82,104.53204102092334,0.2915286195286195,0.73,265.0
A,9,47,150.53,111.35685475084145,0.29305050505050506,0.66,265.0
A,9,48,155.62,109.93905402540082,0.2712861952861953,0.68,265.0
A,9,49,143.07,112.3939727031659,0.2809023569023569,0.63,265.0
A,9,50,141.2,110.84863553512962,0.3167003367003367,0.63,265.0
A,9,51,137.31,110.73578418921318,0.30057912457912456,0.62,265.0
A,9,52,177.25,97.91408223539656,0.2679057239057239,0.78,265.0
A,9,53,143.54,108.97939438260795,0.2893737373737374,0.65,265.0
A,9,54,155.62,108.01349730473503,0.2675016835016835,0.69,265.0
A,9,55,147.42,106.96543179924998,0.2648888888888889,0.67,265.0
A,9,56,156.78,104.29952828273001,0.29777777777777775,0.71,265.0
A,9,57,149.33,110.04626799669309,0.29449158249158247,0.66,265.0
A,9,58,162.15,102.97644148056389,0.2992996632996633,0.73,265.0
A,9,59,138.77,111.00944599447382,0.31023569023569025,0.62,265.0
A,9,60,157.37,107.0239837606506,0.31372390572390574,0.7,265.0
A,9,61,155.73,105.47661873609715,0.33924579124579124,0.7,265.0
A,9,62,143.49,108.69245557995274,0.3382356902356902,0.65,265.0
A,9,63,152.14,108.51387192428442,0.31032996632996634,0.68,265.0
A,9,64,155.04,103.49327707633961,0.3002020202020202,0.71,265.0
A,9,65,154.5,102.11723654701981,0.29564983164983166,0.71,265.0
A,9,66,174.27,96.9235631825409,0.28923905723905724,0.78,265.0
A,9,67,145.51,109.69781173751826,0.2865319865319865,0.65,265.0
A,9,68,157.44,106.2025724735517,0.2760673400673401,0.7,265.0
A,9,69,154.84,108.98639548127097,0.2677306397306397,0.68,265.0
A,9,70,168.05,103.17677791053568,0.2692390572390572,0.74,265.0
A,9,71,170.54,106.10922862786252,0.2828282828282828,0.73,265.0
A,9,72,145.64,113.7365833845909,0.2763771043771044,0.63,265.0
A,9,73,153.32,106.73817311533865,0.2833670033670034,0.69,265.0
A,9,74,164.85,104.20233922518247,0.31872053872053874,0.73,265.0
A,9,75,144.04,113.02698084970685,0.3266936026936027,0.63,265.0
A,9,76,147.08,108.85299077195812,0.3192053872053872,0.66,265.0
A,9,77,162.71,99.04577679033063,0.33214814814814814,0.75,265.0
A,9,78,156.49,101.09376785934928,0.33540740740740743,0.73,265.0
A,9,79,139.65,105.63970607683457,0.33045117845117844,0.66,265.0
A,9,80,151.42,104.83169177305115,0.3296969696969697,0.69,265.0
A,9,81,149.78,103.29845884619964,0.33124579124579123,0.69,265.0
A,9,82,152.15,103.9175033379844,0.3428148148148148,0.7,265.0
A,9,83,153.57,102.16880688351019,0.3462895622895623,0.71,265.0
A,9,84,155.73,95.18401704067759,0.3481212121212121,0.75,265.0
A,9,85,155.36,99.17101592703385,0.3340740740740741,0.73,265.0
A,9,86,161.37,104.91212084406642,0.3266936026936027,0.72,265.0
A,9,87,143.93,109.17337175337217,0.33125925925925925,0.65,265.0
A,9,88,151.93,107.33119350869066,0.33490909090909093,0.68,265.0
A,9,89,133.16,111.70897188677372,0.31435690235690233,0.6,265.0
A,9,90,133.51,105.66451580355631,0.3313804713804714,0.63,265.0
A,9,91,146.58,104.33169988071698,0.3388686868686869,0.68,265.0
A,9,92,145.11,105.59800140154168,0.3326060606060606,0.67,265.0
A,9,93,148.16,100.75522021215576,0.3508282828282828,0.7,265.0
A,9,94,143.78,104.42581864653971,0.3652121212121212,0.67,265.0
A,9,95,144.57,100.1959335502195,0.3587205387205387,0.7,265.0
A,9,96,136.82,101.20557099290532,0.36936026936026933,0.66,265.0
A,9,97,143.44,103.75127179943384,0.38921212121212123,0.67,265.0
A,9,98,141.62,98.36135216638698,0.37158249158249157,0.7,265.0
A,9,99,145.48,104.86329004947346,0.3477171717171717,0.68,265.0
A,9,100,160.11,102.25222687061637,0.3357037037037037,0.73,265.0
A,9,101,148.33,108.43957349602589,0.3017239057239057,0.67,265.0
A,9,102,173.4,104.41867649036737,0.2758114478114478,0.75,265.0
A,9,103,151.76,112.06409951451892,0.2727138047138047,0.66,265.0
A,9,104,141.49,113.99776269734419,0.27404713804713804,0.62,265.0
A,9,105,162.09,104.56405644388514,0.2689023569023569,0.72,265.0
A,9,106,147.26,110.62961809569804,0.27474747474747474,0.65,265.0
A,9,107,163.15,102.50467062529395,0.2981952861952862,0.73,265.0
A,9,108,147.74,109.30604923790816,0.3022222222222222,0.66,265.0
A,9,109,143.71,108.62101960486287,0.2998922558922559,0.65,265.0
A,9,110,145.43,108.31761214133184,0.32331313131313133,0.66,265.0
A,9,111,152.02,103.03639939361234,0.3124848484848485,0.7,265.0
A,9,112,136.34,110.10378921726537,0.3052121212121212,0.62,265.0
A,9,113,143.06,104.61967501383283,0.3102491582491583,0.67,265.0
A,9,114,163.52,103.36232195534309,0.2943703703703704,0.73,265.0
A,9,115,165.51,103.9097199495793,0.31007407407407406,0.73,265.0
A,9,116,145.46,110.02285398952347,0.32323232323232326,0.65,265.0
A,9,117,137.86,106.8303346433025,0.34284175084175084,0.64,265.0
A,9,118,144.03,102.51316549594982,0.3426936026936027,0.68,265.0
A,9,119,154.31,103.90896929524419,0.3515690235690236,0.71,265.0
A,9,120,141.17,107.32763437251377,0.3282289562289562,0.65,265.0
A,9,121,162.28,101.27231408435377,0.33245791245791245,0.74,265.0
A,9,122,143.72,106.22354541249317,0.31453198653198655,0.66,265.0
A,9,123,134.63,105.06385248980736,0.3323232323232323,0.64,265.0
A,9,124,159.48,100.57927023000316,0.3403232323232323,0.73,265.0
A,9,125,158.62,97.89992645553929,0.34554882154882155,0.74,265.0
A,9,126,139.16,105.10449276791168,0.3455757575757576,0.65,265.0
A,9,127,146.04,100.983753148712,0.3680538720538721,0.69,265.0
A,9,128,154.91,92.55107724926815,0.38083501683501686,0.76,265.0
A,9,129,139.48,106.12638503218697,0.37534006734006736,0.65,265.0
A,9,130,171.0,94.47528777410524,0.3545993265993266,0.78,265.0
A,9,131,144.52,107.39762380984041,0.33214814814814814,0.66,265.0
A,9,132,147.24,102.84280431804646,0.33900336700336703,0.69,265.0
A,9,133,148.68,103.79411158635156,0.3425993265993266,0.69,265.0
A,9,134,147.05,106.25115293492114,0.36323232323232324,0.68,265.0
A,9,135,144.7,109.1379402407797,0.3516228956228956,0.65,265.0
A,9,136,148.45,107.46844885825793,0.3471919191919192,0.67,265.0
A,9,137,145.75,107.8088470395635,0.31093602693602695,0.66,265.0
A,9,138,141.12,109.54033777563404,0.31832996632996635,0.64,265.0
A,9,139,160.15,103.877463869696,0.328983164983165,0.72,265.0
A,9,140,155.23,102.90294990912554,0.32226262626262625,0.71,265.0
A,9,141,132.78,109.61875569445222,0.3158114478114478,0.61,265.0
A,9,142,139.59,107.49261323458464,0.3410774410774411,0.65,265.0
A,9,143,145.16,106.85108516061032,0.3241885521885522,0.66,265.0
A,9,144,164.67,99.8527971566145,0.3186127946127946,0.75,265.0
A,9,145,131.34,108.94817299982593,0.32196632996632996,0.61,265.0
A,9,146,146.58,102.97263519984327,0.3381010101010101,0.69,265.0
A,9,147,139.9,106.96405938444933,0.33002020202020205,0.65,265.0
A,9,148,148.61,100.95185931918242,0.3504107744107744,0.7,265.0
A,9,149,150.66,99.57381382672857,0.37134006734006736,0.72,265.0
A,9,150,149.54,103.73691917538326,0.37104377104377106,0.69,265.0
A,9,151,146.89,106.65888570578637,0.36393265993265994,0.67,265.0
A,9,152,138.63,104.89095814225361,0.36057912457912455,0.66,265.0
A,9,153,142.83,103.11625041670203,0.3695892255892256,0.68,265.0
A,9,154,157.11,102.71337741501834,0.37392592592592594,0.72,265.0
A,9,155,143.57,106.26074110413495,0.3933333333333333,0.66,265.0
A,9,156,148.02,103.20309879068553,0.37527272727272726,0.69,265.0
A,9,157,137.08,106.2243550227536,0.3780875420875421,0.64,265.0
A,9,158,155.87,99.87028136537916,0.3735892255892256,0.73,265.0
A,9,159,153.22,108.82835843657664,0.2928080808080808,0.68,265.0
A,9,160,170.7,97.6685722225937,0.26865993265993265,0.77,265.0
A,9,161,138.77,107.78430822712552,0.2896161616161616,0.65,265.0
A,9,162,166.18,99.32103301919489,0.2858989898989899,0.76,265.0
A,9,163,156.96,104.43590570297171,0.275016835016835,0.71,265.0
A,9,164,163.4,102.40917927607859,0.2773063973063973,0.73,265.0
A,9,165,159.34,105.74045772550825,0.30048484848484847,0.71,265.0
A,9,166,155.83,110.016549209653,0.2881077441077441,0.68,265.0
A,9,167,145.32,109.47957617747704,0.28614141414141414,0.65,265.0
A,9,168,154.16,106.68821115755946,0.27855892255892256,0.69,265.0
A,9,169,138.39,107.38099412838382,0.29777777777777775,0.64,265.0
A,9,170,134.19,109.353069915755,0.32237037037037036,0.63,265.0
A,9,171,146.69,105.86686875505481,0.2937643097643098,0.68,265.0
A,9,172,153.69,104.63151485092817,0.28654545454545455,0.7,265.0
A,9,173,153.79,106.17573121952117,0.2838249158249158,0.69,265.0
A,9,174,169.16,96.0565166972028,0.2698720538720539,0.77,265.0
A,9,175,151.74,109.55168825718752,0.2882962962962963,0.67,265.0
A,9,176,153.06,110.00989228246702,0.26847138047138047,0.67,265.0
A,9,177,150.0,108.67584828286365,0.23365656565656565,0.67,265.0
A,9,178,157.81,104.59566864837187,0.2690909090909091,0.71,265.0
A,9,179,153.79,108.29360969143103,0.26165656565656564,0.68,265.0
A,9,180,166.43,102.88131560200813,0.2675016835016835,0.74,265.0
A,9,181,130.68,114.99442421265476,0.27784511784511784,0.57,265.0
A,9,182,157.01,106.22650281356341,0.2797845117845118,0.7,265.0
A,9,183,163.11,100.32177181449698,0.2837306397306397,0.74,265.0
A,9,184,152.73,105.40757610342816,0.30352861952861954,0.69,265.0
A,9,185,128.67,109.67060271558647,0.30867340067340066,0.59,265.0
A,9,186,158.06,103.34242304107255,0.30527946127946126,0.72,265.0
A,9,187,153.42,105.70611902818115,0.3066531986531987,0.69,265.0
A,9,188,159.29,103.87774496974797,0.3143973063973064,0.72,265.0
A,9,189,138.92,105.68705502567472,0.3080942760942761,0.65,265.0
A,9,190,147.85,105.72316444374904,0.3087946127946128,0.69,265.0
A,9,191,161.27,98.88244080725354,0.33866666666666667,0.75,265.0
A,9,192,167.63,99.9904650454232,0.31342760942760944,0.75,265.0
A,9,193,169.71,103.90036525441093,0.3237845117845118,0.74,265.0
A,9,194,163.26,104.99482082464829,0.3208888888888889,0.72,265.0
A,9,195,157.19,106.32127679820255,0.3063973063973064,0.7,265.0
A,9,196,135.13,112.21262451257434,0.329037037037037,0.61,265.0
A,9,197,166.22,102.47376054385825,0.2888215488215488,0.74,265.0
A,9,198,156.42,106.3874221889035,0.2796767676767677,0.7,265.0
A,9,199,134.02,112.39252466245252,0.30234343434343436,0.6,265.0
A,9,200,144.58,105.33149386579497,0.32554882154882153,0.67,265.0
B,0,0,151.71,76.38433019932819,0.501979797979798,0.3,253.0
B,0,1,180.86,52.03556860456125,0.4901010101010101,0.43,253.0
B,0,2,194.59,38.54947340755772,0.47385858585858587,0.56,261.0
B,0,3,193.71,43.35511388521544,0.4671111111111111,0.49,261.0
B,0,4,197.01,38.56228597995715,0.458020202020202,0.48,261.0
B,0,5,199.6,44.28566359444103,0.4255892255892256,0.55,261.0
B,0,6,204.91,43.86299009415569,0.4128619528619529,0.54,261.0
B,0,7,201.2,45.628938186199335,0.41978451178451176,0.6,261.0
B,0,8,210.61,46.13499647772827,0.4075016835016835,0.49,261.0
B,0,9,213.96,39.19691824620911,0.3714074074074074,0.49,261.0
B,0,10,211.08,39.53648441629579,0.3608080808080808,0.55,261.0
B,0,11,219.72,41.75645578829697,0.30413468013468015,0.48,261.0
B,0,12,222.05,38.56847806175401,0.30632996632996634,0.49,261.0
B,0,13,212.66,41.26238480747326,0.31803367003367006,0.53,261.0
B,0,14,214.32,40.233786796671275,0.316,0.66,263.0
B,0,15,217.29,38.815794465655344,0.321979797979798,0.59,263.0
B,0,16,219.07,39.53435341573199,0.313050505050505,0.54,265.0
B,0,17,210.36,39.93683011957759,0.3266936026936027,0.6,265.0
B,0,18,213.27,35.98245544706476,0.33034343434343433,0.56,265.0
B,0,19,218.42,33.98769777434182,0.3311380471380471,0.53,265.0
B,0,20,215.74,40.680860364549815,0.3245925925925926,0.5,265.0
B,0,21,207.31,52.03435307563649,0.3207407407407407,0.41,265.0
B,0,22,214.31,40.43431587154653,0.31392592592592594,0.48,265.0
B,0,23,216.78,38.35298684587681,0.3122962962962963,0.5,265.0
B,0,24,208.21,50.21619161186957,0.3077171717171717,0.49,265.0
B,0,25,214.69,39.551661153483806,0.3024107744107744,0.45,265.0
B,0,26,219.17,36.09987673109148,0.2966734006734007,0.55,265.0
B,0,27,219.31,39.026579404298296,0.2819259259259259,0.51,265.0
B,0,28,217.13,37.16736606217879,0.27004713804713804,0.53,265.0
B,0,29,215.82,41.15953838419474,0.2691043771043771,0.5,265.0
B,0,30,217.38,38.74423311926564,0.2957979797979798,0.51,265.0
B,0,31,218.03,39.0546936999895,0.2926060606060606,0.53,265.0
B,0,32,210.23,43.63000229200086,0.30273400673400674,0.46,265.0
B,0,33,217.51,40.645416715787285,0.3162020202020202,0.5,265.0
B,0,34,206.33,42.104882139723415,0.3283367003367003,0.43,265.0
B,0,35,212.12,37.12930917752174,0.34775757575757577,0.49,265.0
B,0,36,220.63,35.146452168035395,0.3321212121212121,0.55,265.0
B,0,37,220.39,39.485160503662634,0.3097508417508418,0.57,265.0
B,0,38,222.13,37.16279187574583,0.29594612794612796,0.5,265.0
B,0,39,218.06,37.6804511650272,0.3065050505050505,0.45,265.0
B,0,40,220.12,41.884670226707044,0.30424242424242426,0.5,265.0
B,0,41,220.24,41.93307048142314,0.30144107744107745,0.54,265.0
B,0,42,217.0,37.392245185332214,0.30927946127946127,0.53,265.0
B,0,43,217.98,38.354394793817306,0.3011986531986532,0.67,265.0
B,0,44,216.24,37.854225655797,0.32266666666666666,0.58,265.0
B,0,45,222.78,34.288359540812095,0.3151919191919192,0.52,265.0
B,0,46,222.25,36.8636338414975,0.293023569023569,0.52,265.0
B,0,47,222.61,35.36549024119417,0.3031111111111111,0.5,265.0
B,0,48,214.0,41.78516483155236,0.3308417508417508,0.58,265.0
B,0,49,220.96,43.39122491933133,0.31512457912457914,0.64,265.0
B,0,50,220.58,37.74577592261152,0.3072188552188552,0.47,265.0
B,0,51,219.15,38.585845850518815,0.3117037037037037,0.58,265.0
B,0,52,228.12,28.900961921707726,0.2885252525252525,0.57,265.0
B,0,53,218.08,38.20043978804433,0.29742760942760943,0.61,265.0
B,0,54,212.49,42.82183905438906,0.31552861952861955,0.58,265.0
B,0,55,219.83,38.22016614301932,0.2978989898989899,0.49,265.0
B,0,56,215.2,40.25717327384027,0.3116498316498317,0.48,265.0
B,0,57,214.03,36.3850120241838,0.3200942760942761,0.54,265.0
B,0,58,209.11,41.85591833898762,0.33074747474747473,0.57,265.0
B,0,59,218.51,38.111020715798205,0.3243905723905724,0.59,265.0
B,0,60,209.24,42.71653544003774,0.3247407407407407,0.51,265.0
B,0,61,216.45,46.37852412485762,0.2776835016835017,0.5,265.0
B,0,62,216.56,37.629860483398026,0.2983973063973064,0.51,265.0
B,0,63,214.89,41.3182514150829,0.31995959595959594,0.56,265.0
B,0,64,217.94,38.23423073634411,0.32484848484848483,0.56,265.0
B,0,65,214.97,40.12242639721581,0.32832323232323235,0.51,265.0
B,0,66,213.5,47.10106155916234,0.29707744107744105,0.59,265.0
B,0,67,220.22,38.21350023224777,0.30338047138047136,0.59,265.0
B,0,68,220.54,33.963633492310564,0.2611043771043771,0.57,265.0
B,0,69,218.91,39.72608588824225,0.28263973063973064,0.61,265.0
B,0,70,216.13,40.1732883891772,0.2782760942760943,0.61,265.0
B,0,71,216.67,49.04998572884604,0.26071380471380473,0.6,265.0
B,0,72,217.4,41.88030563403281,0.243003367003367,0.58,265.0
B,0,73,219.89,43.849491445169576,0.23781818181818182,0.55,265.0
B,0,74,224.23,37.95309078322871,0.23427609427609428,0.63,265.0
B,0,75,220.23,37.73270597240543,0.25482828282828285,0.64,265.0
B,0,76,224.66,38.08181193168203,0.25505723905723904,0.59,265.0
B,0,77,223.41,40.34305268568555,0.2374006734006734,0.61,265.0
B,0,78,222.58,39.25205217565065,0.2568484848484848,0.57,265.0
B,0,79,220.03,38.80166362412828,0.2525925925925926,0.55,265.0
B,0,80,221.2,33.17257903751229,0.26441750841750844,0.53,265.0
B,0,81,215.74,46.91985080965198,0.2802962962962963,0.58,265.0
B,0,82,224.53,38.82768471078336,0.25175757575757574,0.61,265.0
B,0,83,222.37,40.72558286875708,0.24754208754208754,0.59,265.0
B,0,84,222.28,43.338454056415074,0.2653063973063973,0.54,265.0
B,0,85,223.46,43.02660107421919,0.2613468013468013,0.49,265.0
B,0,86,217.23,44.68732594371697,0.2498989898989899,0.55,265.0
B,0,87,228.07,34.89992979935633,0.2550841750841751,0.57,265.0
B,0,88,220.94,41.844191950616036,0.25964983164983163,0.52,265.0
B,0,89,219.02,40.83551885307691,0.24944107744107744,0.55,265.0
B,0,90,220.56,42.40054716628077,0.26791919191919195,0.58,265.0
B,0,91,208.26,49.70505406897773,0.30188552188552187,0.56,265.0
B,0,92,216.47,37.82154280301109,0.29544781144781146,0.56,265.0
B,0,93,217.78,36.35287608979515,0.2684309764309764,0.61,265.0
B,0,94,219.66,35.641891083386696,0.28005387205387205,0.58,265.0
B,0,95,218.97,38.63869951227655,0.28673400673400673,0.57,265.0
B,0,96,218.34,37.2768614558683,0.30957575757575756,0.54,265.0
B,0,97,201.77,53.208430722959676,0.3231111111111111,0.58,265.0
B,0,98,221.46,36.553363730305314,0.3150976430976431,0.65,265.0
B,0,99,214.21,43.44842804981556,0.31076094276094274,0.56,265.0
B,0,100,217.67,38.292572386821966,0.30035016835016837,0.62,265.0
B,0,101,218.02,32.942367856606786,0.29264646464646465,0.52,265.0
B,0,102,215.56,40.408989098961634,0.31538047138047137,0.49,265.0
B,0,103,219.74,38.23705532595312,0.2969158249158249,0.53,265.0
B,0,104,220.1,35.355763320850535,0.28654545454545455,0.47,265.0
B,0,105,212.06,43.13439926555139,0.28674747474747475,0.57,265.0
B,0,106,220.37,37.52323413566587,0.2848080808080808,0.62,265.0
B,0,107,214.9,43.46481335517271,0.29028956228956226,0.62,265.0
B,0,108,223.23,36.47077048815942,0.29323905723905724,0.58,265.0
B,0,109,219.75,36.62113460831054,0.2886734006734007,0.57,265.0
B,0,110,223.05,36.47310653070287,0.2696835016835017,0.61,265.0
B,0,111,219.76,35.45563988986802,0.25866666666666666,0.64,265.0
B,0,112,222.59,33.446403394087085,0.24976430976430977,0.57,265.0
B,0,113,218.69,36.19632439903256,0.25882828282828285,0.44,265.0
B,0,114,213.64,41.37306370091535,0.288,0.46,265.0
B,0,115,221.28,35.9805725357449,0.26436363636363636,0.47,265.0
B,0,116,212.93,47.26483999761345,0.28774410774410775,0.53,265.0
B,0,117,213.07,49.21793473927975,0.30304377104377106,0.42,265.0
B,0,118,215.16,45.88893548558302,0.31396632996632995,0.45,265.0
B,0,119,209.49,48.38274382463236,0.31477441077441076,0.48,265.0
B,0,120,218.63,37.80467034640033,0.3061144781144781,0.49,265.0
B,0,121,214.17,47.46515669414776,0.31783164983164985,0.45,265.0
B,0,122,223.35,39.19014544499676,0.29738720538720537,0.5,265.0
B,0,123,220.1,34.15508746877981,0.29554208754208755,0.55,265.0
B,0,124,214.67,34.23041191689051,0.3092121212121212,0.54,265.0
B,0,125,221.85,37.64634776442463,0.2972659932659933,0.59,265.0
B,0,126,218.47,48.84699683706256,0.29065319865319866,0.5,265.0
B,0,127,221.55,39.77043499887825,0.27975757575757576,0.58,265.0
B,0,128,225.67,36.84726719853183,0.2976161616161616,0.56,265.0
B,0,129,209.61,48.13832049417594,0.2813737373737374,0.53,265.0
B,0,130,224.17,35.304689490207956,0.2723771043771044,0.63,265.0
B,0,131,220.85,35.983711592886024,0.27924579124579124,0.55,265.0
B,0,132,220.2,41.283652939147714,0.2820875420875421,0.56,265.0
B,0,133,231.97,33.235359182653646,0.2381818181818182,0.63,265.0
B,0,134,228.55,39.77822897012888,0.2167946127946128,0.63,265.0
B,0,135,229.33,34.137385664400256,0.20576430976430976,0.6,265.0
B,0,136,225.59,38.97206563681222,0.21216161616161616,0.56,265.0
B,0,137,219.29,46.066971899615886,0.2456969696969697,0.54,265.0
B,0,138,226.75,30.694747107607842,0.241010101010101,0.61,265.0
B,0,139,218.44,41.11771394423576,0.2751111111111111,0.58,265.0
B,0,140,219.0,38.7192458604245,0.273037037037037,0.56,265.0
B,0,141,219.35,44.69102258843492,0.2890639730639731,0.53,265.0
B,0,142,223.0,40.823767587031945,0.26517171717171717,0.49,265.0
B,0,143,220.55,44.683190351629996,0.26725925925925925,0.52,265.0
B,0,144,218.22,44.11860831893952,0.2718922558922559,0.51,265.0
B,0,145,223.55,33.95331353491143,0.24984511784511784,0.56,265.0
B,0,146,220.31,41.43759042222412,0.26585858585858585,0.56,265.0
B,0,147,217.01,47.89791122794396,0.27446464646464647,0.53,265.0
B,0,148,225.65,37.22804722249073,0.2873131313131313,0.54,265.0
B,0,149,220.19,40.6725202071374,0.27354882154882154,0.65,265.0
B,0,150,219.19,41.802558534137596,0.287003367003367,0.55,265.0
B,0,151,217.18,41.93814015904854,0.3019124579124579,0.56,265.0
B,0,152,219.15,37.36291610674948,0.29644444444444445,0.54,265.0
B,0,153,218.83,40.63866508634357,0.3167811447811448,0.46,265.0
B,0,154,214.81,42.61236792293993,0.32315151515151513,0.5,265.0
B,0,155,220.48,42.89579932813935,0.2893737373737374,0.58,265.0
B,0,156,221.27,39.026620401976906,0.28309764309764307,0.6,265.0
B,0,157,221.66,37.563338509775726,0.2917710437710438,0.59,265.0
B,0,158,214.53,38.66120924130542,0.3063164983164983,0.53,265.0
B,0,159,215.24,44.59823314885916,0.2946262626262626,0.54,265.0
B,0,160,220.16,43.67922160478595,0.24766329966329967,0.57,265.0
B,0,161,228.11,33.98555428413666,0.23585185185185184,0.6,265.0
B,0,162,226.24,35.97808221681639,0.24294949494949494,0.62,265.0
B,0,163,225.07,32.10459624415171,0.25213468013468016,0.64,265.0
B,0,164,222.73,40.367525314291925,0.23027609427609427,0.59,265.0
B,0,165,218.82,39.532108468939526,0.24492929292929294,0.6,265.0
B,0,166,226.05,37.34578289445811,0.2533063973063973,0.64,265.0
B,0,167,218.14,49.10580821043474,0.25303703703703706,0.56,265.0
B,0,168,224.38,35.040770539473016,0.24443097643097644,0.54,265.0
B,0,169,221.68,40.09011848323724,0.26364983164983163,0.58,265.0
B,0,170,218.5,38.29503884317132,0.2704242424242424,0.57,265.0
B,0,171,225.52,34.742043693484696,0.2614006734006734,0.65,265.0
B,0,172,216.03,40.9236985132087,0.28573737373737373,0.54,265.0
B,0,173,218.47,38.11337166927114,0.29239057239057237,0.53,265.0
B,0,174,218.84,42.61941341689255,0.30214141414141416,0.6,265.0
B,0,175,212.31,41.44362315242237,0.29424915824915826,0.6,265.0
B,0,176,228.43,33.62030785105931,0.26604713804713803,0.62,265.0
B,0,177,225.17,34.92078321000261,0.24386531986531987,0.65,265.0
B,0,178,222.76,41.134929196487015,0.2435824915824916,0.63,265.0
B,0,179,217.92,37.223831076341405,0.2551919191919192,0.5,265.0
B,0,180,225.86,37.0016269912554,0.2384915824915825,0.69,265.0
B,0,181,221.11,36.521745577121585,0.24484848484848484,0.56,265.0
B,0,182,223.85,38.69996770024492,0.24037710437710438,0.52,265.0
B,0,183,224.86,35.017429945671346,0.24158922558922558,0.56,265.0
B,0,184,228.44,34.75811272206821,0.23866666666666667,0.6,265.0
B,0,185,221.51,41.8706329066089,0.26136026936026935,0.58,265.0
B,0,186,225.43,37.58304271875815,0.25952861952861955,0.58,265.0
B,0,187,221.06,45.357649850934735,0.27070707070707073,0.66,265.0
B,0,188,221.92,35.590358244895484,0.27076094276094276,0.64,265.0
B,0,189,226.55,34.10553474144629,0.22967003367003366,0.56,265.0
B,0,190,220.95,37.07704815650782,0.23026262626262625,0.71,265.0
B,0,191,226.27,36.62672658046307,0.22556228956228958,0.63,265.0
B,0,192,223.37,37.28931616428491,0.24886195286195287,0.57,265.0
B,0,193,228.59,29.31828610270389,0.22787878787878788,0.6,265.0
B,0,194,218.28,42.40685793595181,0.2644848484848485,0.58,265.0
B,0,195,230.41,23.909452105809535,0.24688215488215487,0.66,265.0
B,0,196,222.58,39.07126309706406,0.27656565656565657,0.65,265.0
B,0,197,221.81,39.80997236874198,0.25846464646464645,0.63,265.0
B,0,198,218.57,36.62547064544018,0.2891717171717172,0.58,265.0
B,0,199,221.79,39.529557295775525,0.262989898989899,0.58,265.0
B,0,200,220.78,35.61364345303637,0.27031649831649834,0.61,265.0
B,1,0,145.33,70.49383731930047,0.4990976430976431,0.33,249.0
B,1,1,174.65,47.502710448983855,0.4934006734006734,0.52,249.0
B,1,2,187.06,51.44663643038289,0.48948148148148146,0.48,255.0
B,1,3,196.1,36.98256345901403,0.47943434343434344,0.5,255.0
B,1,4,203.35,36.56128416781883,0.46336700336700337,0.46,255.0
B,1,5,201.05,42.08571610416057,0.41543434343434343,0.49,259.0
B,1,6,208.91,35.751669891069426,0.40080808080808084,0.54,259.0
B,1,7,205.01,43.57304097719139,0.40515824915824916,0.52,260.0
B,1,8,209.85,39.05979390626633,0.4083771043771044,0.51,260.0
B,1,9,203.06,46.536398657395054,0.4109225589225589,0.58,260.0
B,1,10,207.73,42.753679373827,0.41484175084175084,0.58,260.0
B,1,11,202.84,46.99164181000702,0.39481481481481484,0.53,260.0
B,1,12,206.04,41.97878511819988,0.3983838383838384,0.51,260.0
B,1,13,212.21,38.87346009811835,0.38666666666666666,0.55,265.0
B,1,14,211.1,40.975968566953966,0.3894006734006734,0.49,265.0
B,1,15,199.79,48.33100350706573,0.37632323232323234,0.46,265.0
B,1,16,204.43,44.795592417111756,0.38536026936026935,0.59,265.0
B,1,17,209.99,41.03108455792998,0.3604713804713805,0.52,265.0
B,1,18,206.56,45.35158652131147,0.3678518518518519,0.58,265.0
B,1,19,216.17,41.20583817858824,0.3305723905723906,0.64,265.0
B,1,20,214.85,43.1435684662268,0.31174410774410777,0.56,265.0
B,1,21,213.99,41.92028029486444,0.3201077441077441,0.53,265.0
B,1,22,217.45,41.80128586538936,0.27445117845117845,0.53,265.0
B,1,23,220.03,41.38223169429121,0.2711380471380471,0.52,265.0
B,1,24,224.91,35.520161880261746,0.2706936026936027,0.53,265.0
B,1,25,219.4,39.911151323909465,0.2888080808080808,0.52,265.0
B,1,26,222.16,36.20406606998722,0.2913131313131313,0.57,265.0
B,1,27,215.42,49.29547240873141,0.2966599326599327,0.49,265.0
B,1,28,214.53,44.79809259332366,0.2888754208754209,0.55,265.0
B,1,29,214.17,48.985927571089235,0.2935084175084175,0.62,265.0
B,1,30,225.51,32.14824878589812,0.293010101010101,0.54,265.0
B,1,31,222.25,36.86797390690191,0.2755959595959596,0.55,265.0
B,1,32,220.79,41.2563437546276,0.2658989898989899,0.54,265.0
B,1,33,224.14,35.95970522682298,0.23814141414141415,0.57,265.0
B,1,34,227.94,32.54468312950673,0.2346127946127946,0.6,265.0
B,1,35,225.73,35.55667447892168,0.22923905723905724,0.64,265.0
B,1,36,223.01,42.89603594739262,0.236013468013468,0.62,265.0
B,1,37,221.6,37.24030075066526,0.27604040404040403,0.54,265.0
B,1,38,218.65,41.401539826436405,0.29379124579124577,0.57,265.0
B,1,39,221.71,32.683419343759006,0.2872188552188552,0.65,265.0
B,1,40,220.77,42.19972867211352,0.25656565656565655,0.61,265.0
B,1,41,227.58,26.93368894154679,0.26385185185185184,0.57,265.0
B,1,42,225.1,39.85561441001757,0.28624915824915825,0.56,265.0
B,1,43,219.27,37.33868101580452,0.2669360269360269,0.54,265.0
B,1,44,220.22,36.355076674379326,0.2821818181818182,0.54,265.0
B,1,45,218.64,36.90163140025113,0.27484175084175083,0.54,265.0
B,1,46,219.14,37.73592982821544,0.2874882154882155,0.5,265.0
B,1,47,215.94,42.760219831053256,0.27090909090909093,0.57,265.0
B,1,48,215.63,47.27846338450521,0.2748148148148148,0.62,265.0
B,1,49,219.66,31.829300966248066,0.2900606060606061,0.59,265.0
B,1,50,224.33,35.4922681720963,0.26276094276094275,0.56,265.0
B,1,51,219.91,38.84226950115042,0.276983164983165,0.59,265.0
B,1,52,219.43,38.22806691424509,0.2863030303030303,0.61,265.0
B,1,53,217.88,40.141818593581434,0.29757575757575755,0.52,265.0
B,1,54,214.2,38.36639154259885,0.30237037037037034,0.45,265.0
B,1,55,217.32,35.049930099787645,0.29783164983164984,0.44,265.0
B,1,56,221.68,39.99846997073763,0.3098181818181818,0.51,265.0
B,1,57,220.04,39.10675644949349,0.28106397306397307,0.42,265.0
B,1,58,214.37,48.59210944176019,0.2777239057239057,0.44,265.0
B,1,59,222.14,38.13791289517559,0.27516498316498317,0.6,265.0
B,1,60,222.71,37.746866095081316,0.2575084175084175,0.58,265.0
B,1,61,230.86,31.77232128756097,0.21894949494949495,0.6,265.0
B,1,62,220.73,45.711236036668275,0.21894949494949495,0.48,265.0
B,1,63,225.53,41.90714855487068,0.22037710437710437,0.65,265.0
B,1,64,229.25,36.520781755050095,0.23454545454545456,0.59,265.0
B,1,65,225.13,41.56023459991534,0.21814141414141414,0.59,265.0
B,1,66,222.05,41.76778064489422,0.21356228956228956,0.62,265.0
B,1,67,223.23,41.51357729707234,0.21783164983164982,0.64,265.0
B,1,68,228.56,32.47655154107345,0.21653872053872053,0.59,265.0
B,1,69,218.1,41.13793869410571,0.23964983164983164,0.54,265.0
B,1,70,224.68,41.438117717869375,0.21986531986531987,0.56,265.0
B,1,71,219.49,40.72554358139372,0.22226262626262627,0.52,265.0
B,1,72,227.43,32.49407792198449,0.20342087542087542,0.61,265.0
B,1,73,232.0,29.86770831516874,0.22072727272727272,0.54,265.0
B,1,74,228.93,31.991328512582903,0.20925252525252525,0.63,265.0
B,1,75,220.31,38.57219075966518,0.24192592592592593,0.55,265.0
B,1,76,228.96,27.409823056707246,0.24906397306397307,0.54,265.0
B,1,77,216.84,37.83139437028458,0.25134006734006736,0.5,265.0
B,1,78,219.47,39.305586116988515,0.2629360269360269,0.5,265.0
B,1,79,216.44,42.398188640553975,0.261993265993266,0.59,265.0
B,1,80,219.97,41.49830237491649,0.23527272727272727,0.58,265.0
B,1,81,226.96,39.43803240528108,0.20223569023569024,0.62,265.0
B,1,82,217.26,44.49081253472452,0.19497643097643097,0.58,265.0
B,1,83,231.55,30.207408031805702,0.2159057239057239,0.59,265.0
B,1,84,228.71,29.373217392720193,0.22557575757575757,0.57,265.0
B,1,85,232.92,30.467582772514135,0.21942087542087543,0.62,265.0
B,1,86,224.59,40.78163679893194,0.2128080808080808,0.6,265.0
B,1,87,221.82,47.16065733214498,0.2117979797979798,0.58,265.0
B,1,88,227.82,30.32832999029126,0.2327138047138047,0.56,265.0
B,1,89,225.1,34.98928407384181,0.23932659932659933,0.54,265.0
B,1,90,219.04,42.971832634878396,0.25138047138047137,0.62,265.0
B,1,91,233.12,28.692256795170366,0.2129023569023569,0.69,265.0
B,1,92,227.36,43.80126025584196,0.2298855218855219,0.63,265.0
B,1,93,225.91,37.095577903572284,0.25767003367003366,0.52,265.0
B,1,94,229.72,35.12238032935695,0.22084848484848485,0.57,265.0
B,1,95,217.45,49.89496467580672,0.2549090909090909,0.64,265.0
B,1,96,226.63,35.10545684078189,0.2455084175084175,0.61,265.0
B,1,97,221.13,43.81110703919727,0.24592592592592594,0.58,265.0
B,1,98,221.88,42.05907274298852,0.23315824915824915,0.65,265.0
B,1,99,221.14,38.71098552090866,0.2549494949494949,0.61,265.0
B,1,100,225.56,32.00822394323059,0.2683771043771044,0.52,265.0
B,1,101,219.24,40.53174558293783,0.25224242424242427,0.48,265.0
B,1,102,212.04,36.28082689245105,0.2742222222222222,0.49,265.0
B,1,103,222.47,38.47452533820268,0.2758922558922559,0.53,265.0
B,1,104,227.4,34.10777037567833,0.2522020202020202,0.62,265.0
B,1,105,214.52,39.132206684520106,0.30153535353535355,0.53,265.0
B,1,106,221.49,38.54724244352636,0.2918114478114478,0.58,265.0
B,1,107,222.54,47.57340013074533,0.272969696969697,0.61,265.0
B,1,108,215.24,41.01100340152628,0.25837037037037036,0.58,265.0
B,1,109,222.81,32.98929978038334,0.26426936026936027,0.61,265.0
B,1,110,220.44,33.76990376059724,0.2847272727272727,0.6,265.0
B,1,111,218.84,42.382713457257545,0.29583838383838384,0.55,265.0
B,1,112,220.56,35.7223515463358,0.2919057239057239,0.63,265.0
B,1,113,222.66,39.64346604422978,0.3074882154882155,0.64,265.0
B,1,114,227.68,31.694441152984542,0.29154208754208755,0.59,265.0
B,1,115,215.9,45.48043535411683,0.2786127946127946,0.46,265.0
B,1,116,223.91,33.21297788515809,0.25901683501683503,0.51,265.0
B,1,117,211.48,40.442176004760185,0.2908686868686869,0.41,265.0
B,1,118,219.37,39.40651088335531,0.28933333333333333,0.48,265.0
B,1,119,211.9,47.430264599725774,0.2892121212121212,0.5,265.0
B,1,120,218.61,40.47169257641691,0.27605387205387205,0.6,265.0
B,1,121,210.99,41.80849076443684,0.3036094276094276,0.59,265.0
B,1,122,217.09,34.628339550143025,0.31173063973063975,0.55,265.0
B,1,123,213.8,40.726895290458856,0.33155555555555555,0.51,265.0
B,1,124,215.82,35.056348925693904,0.3117171717171717,0.5,265.0
B,1,125,219.1,39.273018727874735,0.2920808080808081,0.55,265.0
B,1,126,225.39,31.09787613326672,0.2895218855218855,0.58,265.0
B,1,127,218.14,36.80625490320905,0.2874208754208754,0.56,265.0
B,1,128,220.51,31.29137101502585,0.29928619528619527,0.65,265.0
B,1,129,217.1,37.27237582982872,0.31485521885521883,0.53,265.0
B,1,130,223.4,39.37257929066878,0.3002154882154882,0.45,265.0
B,1,131,211.88,46.78681010712314,0.3065589225589226,0.54,265.0
B,1,132,216.03,35.85845925301309,0.2965252525252525,0.53,265.0
B,1,133,219.27,42.584470173996536,0.283973063973064,0.59,265.0
B,1,134,226.97,33.124146781464425,0.26406734006734006,0.62,265.0
B,1,135,216.98,41.75044430901305,0.2821279461279461,0.53,265.0
B,1,136,222.61,39.931915806782925,0.2854814814814815,0.59,265.0
B,1,137,217.03,42.947282801127244,0.2856296296296296,0.54,265.0
B,1,138,218.3,42.69203672817684,0.2746936026936027,0.5,265.0
B,1,139,222.28,36.09711345800382,0.27371043771043774,0.54,265.0
B,1,140,217.4,47.33772280116567,0.2699393939393939,0.59,265.0
B,1,141,223.79,34.77306285043065,0.284,0.54,265.0
B,1,142,218.95,38.42196637341717,0.28044444444444444,0.51,265.0
B,1,143,224.96,33.337642388147366,0.27950168350168353,0.56,265.0
B,1,144,215.57,39.06923469944093,0.30367676767676766,0.56,265.0
B,1,145,222.07,34.963196364177,0.314989898989899,0.53,265.0
B,1,146,213.27,43.23652506851123,0.33146127946127946,0.49,265.0
B,1,147,220.26,36.382034027800046,0.3158922558922559,0.57,265.0
B,1,148,221.13,36.6498717596665,0.29528619528619526,0.61,265.0
B,1,149,219.61,33.23127894017924,0.3036632996632997,0.49,265.0
B,1,150,216.86,48.732129032087244,0.29119191919191917,0.56,265.0
B,1,151,218.32,42.38062764990627,0.2823973063973064,0.6,265.0
B,1,152,218.74,41.14039863686302,0.2761750841750842,0.66,265.0
B,1,153,218.99,38.64802582280238,0.2732390572390572,0.6,265.0
B,1,154,228.98,34.51868479533946,0.2798114478114478,0.58,265.0
B,1,155,223.98,39.969983737800035,0.2755824915824916,0.52,265.0
B,1,156,223.25,39.725401193694694,0.265993265993266,0.55,265.0
B,1,157,220.14,36.07963968777959,0.28949494949494947,0.6,265.0
B,1,158,212.99,42.15578133542302,0.3013063973063973,0.52,265.0
B,1,159,217.71,41.33697981226979,0.29687542087542085,0.49,265.0
B,1,160,218.29,36.31536727061975,0.2824781144781145,0.47,265.0
B,1,161,213.0,38.081754161277814,0.3013063973063973,0.41,265.0
B,1,162,215.05,41.00448146239628,0.3025185185185185,0.55,265.0
B,1,163,227.4,29.537433876354257,0.2855218855218855,0.52,265.0
B,1,164,221.21,39.53841043845844,0.25855892255892254,0.48,265.0
B,1,165,222.77,34.88519886714135,0.2765252525252525,0.55,265.0
B,1,166,220.07,41.499459032618724,0.29023569023569024,0.57,265.0
B,1,167,221.62,35.64934220992023,0.25792592592592595,0.61,265.0
B,1,168,225.65,36.946819890215174,0.2358114478114478,0.63,265.0
B,1,169,221.36,42.11164209574355,0.2615892255892256,0.59,265.0
B,1,170,218.02,42.829657948669166,0.28305723905723906,0.54,265.0
B,1,171,220.26,38.92418785279919,0.2720942760942761,0.6,265.0
B,1,172,209.49,49.712069962937576,0.29893602693602694,0.58,265.0
B,1,173,214.72,44.71310322489371,0.2936969696969697,0.55,265.0
B,1,174,221.83,38.46532334453982,0.2651851851851852,0.66,265.0
B,1,175,212.01,35.1185122122222,0.2703299663299663,0.61,265.0
B,1,176,218.9,37.48719781472069,0.27904377104377104,0.58,265.0
B,1,177,218.26,42.94941675971864,0.2734814814814815,0.53,265.0
B,1,178,217.85,44.63213528389606,0.2607003367003367,0.52,265.0
B,1,179,214.43,49.021883888728716,0.25783164983164986,0.52,265.0
B,1,180,223.55,41.35199511510902,0.26146801346801346,0.58,265.0
B,1,181,226.41,35.882055403780875,0.25372390572390574,0.59,265.0
B,1,182,221.47,36.925724095811574,0.23507070707070707,0.5,265.0
B,1,183,217.88,39.491082537707165,0.27793939393939393,0.5,265.0
B,1,184,216.26,40.238195784602475,0.2780875420875421,0.53,265.0
B,1,185,217.99,39.871918689724474,0.25726599326599325,0.58,265.0
B,1,186,212.66,43.29162043629229,0.3022895622895623,0.53,265.0
B,1,187,212.77,42.73168730579218,0.3087946127946128,0.52,265.0
B,1,188,205.62,54.37329859407096,0.3199057239057239,0.53,265.0
B,1,189,222.03,40.43475114304526,0.2603771043771044,0.57,265.0
B,1,190,222.32,40.574593035543806,0.22426936026936026,0.54,265.0
B,1,191,218.84,45.4111704319543,0.23046464646464646,0.54,265.0
B,1,192,226.58,38.0886282241826,0.22542760942760942,0.57,265.0
B,1,193,226.78,40.822439907482256,0.21323905723905723,0.55,265.0
B,1,194,222.7,40.335964101531026,0.22696296296296295,0.53,265.0
B,1,195,222.33,44.145453899580644,0.2166060606060606,0.55,265.0
B,1,196,216.71,42.40313549727189,0.24123905723905723,0.52,265.0
B,1,197,220.02,38.28706831294347,0.2603771043771044,0.55,265.0
B,1,198,214.1,37.55941959082967,0.28725925925925927,0.51,265.0
B,1,199,212.05,45.52875465022078,0.30976430976430974,0.62,265.0
B,1,200,215.31,37.50431841801688,0.3124983164983165,0.57,265.0
B,2,0,145.51,73.50272035782078,0.4993131313131313,0.37,236.0
B,2,1,185.25,39.998343715709034,0.4857912457912458,0.53,255.0
B,2,2,198.66,45.105037412688176,0.4698720538720539,0.55,255.0
B,2,3,198.69,41.933207604475,0.4515824915824916,0.53,255.0
B,2,4,204.37,41.65444874200114,0.44366329966329965,0.5,255.0
B,2,5,200.17,42.1606582016932,0.42662626262626263,0.4,255.0
B,2,6,203.83,40.717822878931045,0.3977777777777778,0.46,265.0
B,2,7,208.98,39.81481633763994,0.37973063973063975,0.46,265.0
B,2,8,207.94,40.48377946783131,0.3489158249158249,0.55,265.0
B,2,9,216.93,38.45419482969316,0.3232457912457912,0.51,265.0
B,2,10,215.53,36.77212395279881,0.3294814814814815,0.5,265.0
B,2,11,217.2,40.184076448264925,0.3087138047138047,0.48,265.0
B,2,12,220.17,39.01898384120222,0.3065858585858586,0.53,265.0
B,2,13,217.56,40.060534195140235,0.31243097643097645,0.43,265.0
B,2,14,216.38,40.53264856877725,0.31901683501683503,0.46,265.0
B,2,15,212.58,37.89859628007349,0.3082020202020202,0.51,265.0
B,2,16,215.78,33.80105915500282,0.32065993265993264,0.51,265.0
B,2,17,220.93,40.88575668860734,0.3223030303030303,0.52,265.0
B,2,18,219.53,40.7807442305802,0.3251447811447811,0.52,265.0
B,2,19,219.68,34.26685862462446,0.3410909090909091,0.53,265.0
B,2,20,219.96,32.83562699264322,0.35404713804713805,0.49,265.0
B,2,21,215.87,39.0152931553769,0.34433670033670033,0.51,265.0
B,2,22,208.54,50.57220975990668,0.340996632996633,0.52,265.0
B,2,23,218.58,31.6313705046114,0.35358922558922556,0.55,265.0
B,2,24,212.32,43.01276089720351,0.333023569023569,0.52,265.0
B,2,25,217.76,37.20191392925907,0.32655892255892255,0.57,265.0
B,2,26,210.33,44.32472334939047,0.33454545454545453,0.51,265.0
B,2,27,210.03,47.04220551802392,0.3422087542087542,0.56,265.0
B,2,28,207.8,48.528136168618715,0.34995286195286196,0.55,265.0
B,2,29,204.84,51.877108631842624,0.3448215488215488,0.52,265.0
B,2,30,213.36,40.68624337537197,0.3488888888888889,0.52,265.0
B,2,31,215.67,38.44503999217584,0.35593265993265993,0.52,265.0
B,2,32,208.0,47.664242362592944,0.3578181818181818,0.48,265.0
B,2,33,210.28,43.60483459434286,0.3537104377104377,0.54,265.0
B,2,34,217.39,35.541214104191766,0.33403367003367,0.58,265.0
B,2,35,207.13,49.527094604872595,0.34346127946127947,0.56,265.0
B,2,36,209.11,40.972160060216495,0.3599057239057239,0.57,265.0
B,2,37,208.08,47.36215366724786,0.35288888888888886,0.52,265.0
B,2,38,213.64,46.24403096616903,0.34645117845117845,0.54,265.0
B,2,39,217.67,51.12867199527091,0.31845117845117843,0.58,265.0
B,2,40,218.99,35.14327673965534,0.2866127946127946,0.51,265.0
B,2,41,227.32,30.811647148440475,0.2781818181818182,0.56,265.0
B,2,42,224.89,34.84763837048359,0.26581818181818184,0.52,265.0
B,2,43,221.86,40.887655838895924,0.2550976430976431,0.61,265.0
B,2,44,223.39,35.90623761966714,0.26851178451178453,0.55,265.0
B,2,45,218.43,41.61544304702282,0.26041750841750844,0.52,265.0
B,2,46,221.67,42.00287014002733,0.26086195286195285,0.61,265.0
B,2,47,221.33,38.85023938150189,0.2505858585858586,0.66,265.0
B,2,48,226.93,34.19919735900244,0.2371986531986532,0.59,265.0
B,2,49,224.82,44.23491381250788,0.24324579124579124,0.5,265.0
B,2,50,223.03,42.487281626387905,0.2533872053872054,0.49,265.0
B,2,51,227.99,34.518254590868295,0.2398114478114478,0.56,265.0
B,2,52,225.46,34.05361067493431,0.25773737373737376,0.53,265.0
B,2,53,220.22,40.846928893124876,0.2659259259259259,0.5,265.0
B,2,54,217.93,42.01648605012085,0.2685925925925926,0.51,265.0
B,2,55,216.17,43.87939265760181,0.2656296296296296,0.58,265.0
B,2,56,228.85,29.241879214578532,0.24009427609427608,0.66,265.0
B,2,57,223.94,37.821374908905675,0.25212121212121213,0.52,265.0
B,2,58,220.71,44.68272484976716,0.25072053872053873,0.65,265.0
B,2,59,225.91,42.10702910441439,0.2305858585858586,0.6,265.0
B,2,60,229.52,34.82570315155173,0.21667340067340068,0.55,265.0
B,2,61,228.27,42.4631263568758,0.21235016835016834,0.62,265.0
B,2,62,224.88,42.14695244024175,0.22712457912457912,0.55,265.0
B,2,63,213.78,44.17908554961272,0.27570370370370373,0.54,265.0
B,2,64,216.36,40.99012564020754,0.2881885521885522,0.61,265.0
B,2,65,215.84,40.45731577848437,0.2993131313131313,0.54,265.0
B,2,66,221.03,30.51375263713069,0.2846329966329966,0.56,265.0
B,2,67,224.53,40.491345988988805,0.281023569023569,0.58,265.0
B,2,68,219.83,40.197028497141424,0.28599326599326597,0.54,265.0
B,2,69,219.71,35.84614205183035,0.28593939393939394,0.46,265.0
B,2,70,215.67,52.66783743424445,0.27354882154882154,0.5,265.0
B,2,71,217.52,45.40230831136232,0.25222895622895625,0.5,265.0
B,2,72,217.3,43.60905869197362,0.2571851851851852,0.52,265.0
B,2,73,215.5,45.702188131423206,0.2733872053872054,0.46,265.0
B,2,74,211.37,52.073343468611654,0.2858047138047138,0.48,265.0
B,2,75,224.69,37.46990659182379,0.2757979797979798,0.52,265.0
B,2,76,221.37,40.66955986976009,0.2749225589225589,0.5,265.0
B,2,77,220.11,35.537274797035295,0.2706936026936027,0.6,265.0
B,2,78,214.05,46.8570965809876,0.2672727272727273,0.55,265.0
B,2,79,220.91,32.938759843078486,0.2707205387205387,0.58,265.0
B,2,80,225.61,36.31443101578214,0.2768350168350168,0.64,265.0
B,2,81,225.14,35.00686218443464,0.2836902356902357,0.5,265.0
B,2,82,220.03,45.239242920278855,0.2653333333333333,0.54,265.0
B,2,83,221.3,40.04984394476463,0.23819528619528618,0.53,265.0
B,2,84,221.89,43.75429007537433,0.2598114478114478,0.52,265.0
B,2,85,223.73,36.84449891096363,0.25593265993265996,0.58,265.0
B,2,86,224.25,39.75911845099184,0.2733333333333333,0.56,265.0
B,2,87,217.95,43.313363988496675,0.2723905723905724,0.59,265.0
B,2,88,216.09,39.84647914182632,0.29284848484848486,0.55,265.0
B,2,89,210.23,51.04740052147611,0.28795959595959597,0.39,265.0
B,2,90,228.47,39.271988745160336,0.23901683501683502,0.54,265.0
B,2,91,220.65,39.56548369475596,0.22571043771043772,0.57,265.0
B,2,92,227.07,37.69330311872388,0.22208754208754208,0.53,265.0
B,2,93,225.73,36.7580889057089,0.21551515151515152,0.53,265.0
B,2,94,224.63,48.67435772560332,0.21971717171717173,0.59,265.0
B,2,95,224.77,42.77846537686924,0.2507878787878788,0.56,265.0
B,2,96,228.04,29.396231050935768,0.2347878787878788,0.59,265.0
B,2,97,220.44,40.587022556477336,0.25905723905723904,0.51,265.0
B,2,98,219.37,39.31072499967407,0.28335353535353536,0.54,265.0
B,2,99,226.11,36.674213011324454,0.25692929292929295,0.6,265.0
B,2,100,230.72,36.691165149120025,0.21524579124579124,0.69,265.0
B,2,101,227.38,42.46146017272604,0.2052929292929293,0.54,265.0
B,2,102,227.52,36.36879981522624,0.21082828282828284,0.62,265.0
B,2,103,223.96,42.00164758673165,0.23245791245791245,0.57,265.0
B,2,104,220.16,43.04735067341543,0.24389225589225588,0.53,265.0
B,2,105,224.89,34.842472644747815,0.2315959595959596,0.56,265.0
B,2,106,217.47,43.2024200711025,0.25535353535353533,0.58,265.0
B,2,107,217.66,35.476533088789836,0.2532121212121212,0.63,265.0
B,2,108,224.5,34.73197374178439,0.263003367003367,0.56,265.0
B,2,109,212.33,44.470676855654,0.2774006734006734,0.54,265.0
B,2,110,217.22,41.60686962509917,0.2792188552188552,0.54,265.0
B,2,111,223.94,36.23115234159686,0.24455218855218855,0.6,265.0
B,2,112,220.33,42.36296849844213,0.24973737373737373,0.62,265.0
B,2,113,217.81,44.962583333256106,0.2632861952861953,0.58,265.0
B,2,114,225.64,43.59300861376741,0.24321885521885522,0.59,265.0
B,2,115,222.72,44.413754626241634,0.2402020202020202,0.57,265.0
B,2,116,223.97,35.49773373047919,0.2692255892255892,0.59,265.0
B,2,117,218.04,45.056391333527806,0.28584511784511785,0.49,265.0
B,2,118,225.1,43.01244006098701,0.2471784511784512,0.66,265.0
B,2,119,220.06,45.305809781969465,0.2207003367003367,0.65,265.0
B,2,120,225.23,45.63153624413712,0.22564309764309765,0.62,265.0
B,2,121,230.65,31.718251843378756,0.21853198653198652,0.58,265.0
B,2,122,219.86,39.483166033133664,0.2244040404040404,0.51,265.0
B,2,123,219.57,42.784869989284765,0.24657239057239058,0.61,265.0
B,2,124,221.59,39.789972354853425,0.2521481481481481,0.54,265.0
B,2,125,212.77,52.62259115627051,0.24826936026936028,0.54,265.0
B,2,126,214.47,44.47368997508527,0.2714747474747475,0.49,265.0
B,2,127,215.89,51.75343370250906,0.25241750841750843,0.57,265.0
B,2,128,214.71,42.25903335382863,0.2605791245791246,0.56,265.0
B,2,129,223.64,38.4475018694323,0.25183838383838386,0.57,265.0
B,2,130,220.93,38.50850685238264,0.25707744107744107,0.54,265.0
B,2,131,221.32,37.65498107820531,0.2592996632996633,0.46,265.0
B,2,132,224.46,39.83953312979458,0.26401346801346803,0.59,265.0
B,2,133,221.16,45.084746866318326,0.2621414141414141,0.55,265.0
B,2,134,221.06,41.43617260317367,0.2440808080808081,0.49,265.0
B,2,135,215.0,46.23245613202916,0.2590976430976431,0.53,265.0
B,2,136,225.11,43.65132185856461,0.23554208754208755,0.61,265.0
B,2,137,227.77,36.24220054025418,0.23515151515151514,0.59,265.0
B,2,138,222.94,36.48583834859767,0.26327272727272727,0.59,265.0
B,2,139,226.02,39.146897705948554,0.24674747474747474,0.61,265.0
B,2,140,222.59,38.50067402007399,0.24944107744107744,0.5,265.0
B,2,141,219.29,39.46524927071917,0.24651851851851853,0.52,265.0
B,2,142,224.96,32.86637187156501,0.23987878787878789,0.61,265.0
B,2,143,222.43,36.915919330283515,0.25123232323232325,0.67,265.0
B,2,144,223.02,33.29714101841178,0.26736700336700336,0.58,265.0
B,2,145,224.41,30.697913609885607,0.2661010101010101,0.52,265.0
B,2,146,214.54,40.38524978256294,0.2690909090909091,0.53,265.0
B,2,147,219.07,44.09631617266912,0.2563905723905724,0.54,265.0
B,2,148,219.6,38.358310703157926,0.25212121212121213,0.55,265.0
B,2,149,222.83,40.59902831349539,0.26715151515151514,0.57,265.0
B,2,150,225.07,32.84851747035169,0.24074074074074073,0.56,265.0
B,2,151,220.52,41.06470016936687,0.2310976430976431,0.56,265.0
B,2,152,223.35,44.3818375013924,0.2185050505050505,0.62,265.0
B,2,153,228.94,35.049342361876064,0.21806060606060607,0.51,265.0
B,2,154,226.19,37.07632533032366,0.22468686868686868,0.56,265.0
B,2,155,224.98,33.309452111975666,0.2216969696969697,0.58,265.0
B,2,156,223.63,39.83833706368778,0.23253872053872054,0.55,265.0
B,2,157,224.76,42.413705332121125,0.21731986531986533,0.6,265.0
B,2,158,223.42,37.409939855605224,0.2378855218855219,0.62,265.0
B,2,159,217.97,44.414289367274584,0.24158922558922558,0.46,265.0
B,2,160,218.67,41.60506099022089,0.24232996632996634,0.58,265.0
B,2,161,217.6,36.87492372873468,0.2565117845117845,0.59,265.0
B,2,162,221.16,31.964580397683935,0.2757710437710438,0.53,265.0
B,2,163,213.97,47.16873010798573,0.293010101010101,0.46,265.0
B,2,164,218.6,45.08747054337824,0.28105050505050505,0.55,265.0
B,2,165,215.2,46.394396213335945,0.2898181818181818,0.58,265.0
B,2,166,224.16,36.33530514527159,0.26572390572390575,0.64,265.0
B,2,167,226.04,31.904206619190518,0.24634343434343434,0.6,265.0
B,2,168,222.37,39.80343075665715,0.2724983164983165,0.61,265.0
B,2,169,223.17,40.80001348038993,0.24382491582491583,0.55,265.0
B,2,170,223.92,36.764297898912744,0.22987205387205387,0.54,265.0
B,2,171,216.11,44.2316391285695,0.23795286195286194,0.5,265.0
B,2,172,229.2,29.909530253750226,0.23245791245791245,0.56,265.0
B,2,173,230.32,29.77545297724285,0.23125925925925925,0.55,265.0
B,2,174,220.71,50.206432854764735,0.2414814814814815,0.57,265.0
B,2,175,232.12,30.502550713014152,0.24325925925925926,0.56,265.0
B,2,176,226.93,40.40996288045808,0.1962154882154882,0.48,265.0
B,2,177,230.21,42.58692170138621,0.19416835016835016,0.59,265.0
B,2,178,217.52,46.33000755449971,0.23173063973063973,0.61,265.0
B,2,179,218.2,44.08287649416721,0.22810774410774412,0.57,265.0
B,2,180,219.33,39.84144952182338,0.24624915824915825,0.44,265.0
B,2,181,210.1,54.255598789433705,0.27280808080808083,0.53,265.0
B,2,182,214.96,39.78640974001047,0.25163636363636366,0.43,265.0
B,2,183,216.69,41.146493167705074,0.2777104377104377,0.49,265.0
B,2,184,209.89,49.047914328745925,0.2797710437710438,0.52,265.0
B,2,185,221.18,40.33791764580815,0.25055892255892254,0.61,265.0
B,2,186,224.2,36.46093800219627,0.2400808080808081,0.56,265.0
B,2,187,220.56,37.54152900455708,0.25855892255892254,0.6,265.0
B,2,188,219.89,36.02884816365908,0.2587070707070707,0.58,265.0
B,2,189,223.02,39.5137899979235,0.23142087542087542,0.58,265.0
B,2,190,227.78,33.342339450014606,0.2319057239057239,0.66,265.0
B,2,191,224.07,41.07000243486723,0.2402828282828283,0.67,265.0
B,2,192,222.37,39.74057246693862,0.24292255892255893,0.57,265.0
B,2,193,227.08,34.79904596393413,0.21691582491582492,0.58,265.0
B,2,194,230.68,31.941158401034862,0.221993265993266,0.61,265.0
B,2,195,224.25,34.69564093657876,0.24354208754208753,0.56,265.0
B,2,196,216.27,42.69539904954631,0.25857239057239056,0.49,265.0
B,2,197,225.55,31.440857176610184,0.2505858585858586,0.56,265.0
B,2,198,218.8,42.51846657630071,0.2893063973063973,0.53,265.0
B,2,199,217.12,45.49687461793392,0.2874208754208754,0.5,265.0
B,2,200,219.91,42.177267573895776,0.28065993265993266,0.51,265.0
B,3,0,150.29,71.6226633126694,0.49974410774410777,0.43,252.0
B,3,1,174.69,62.4624199018898,0.488996632996633,0.44,252.0
B,3,2,189.78,52.427584342595836,0.47305050505050505,0.41,261.0
B,3,3,192.32,46.17290980650884,0.4451986531986532,0.53,261.0
B,3,4,201.72,41.829195545695114,0.41543434343434343,0.53,261.0
B,3,5,212.25,41.41409784119413,0.38764983164983163,0.5,261.0
B,3,6,218.94,32.9675052134674,0.3611986531986532,0.49,261.0
B,3,7,213.38,37.642205036368416,0.3412255892255892,0.45,261.0
B,3,8,214.39,43.409421788362955,0.32762289562289565,0.44,261.0
B,3,9,217.09,38.59017880238442,0.33181144781144783,0.44,261.0
B,3,10,218.46,41.477323925248605,0.3348148148148148,0.42,261.0
B,3,11,219.95,31.181204274370163,0.31936700336700335,0.48,263.0
B,3,12,216.2,49.06546647082855,0.33635016835016834,0.58,263.0
B,3,13,209.59,48.90605177276121,0.3419259259259259,0.49,263.0
B,3,14,215.7,37.72174439232629,0.3432323232323232,0.46,263.0
B,3,15,217.56,39.3703746489667,0.333979797979798,0.59,265.0
B,3,16,214.14,35.719748039424914,0.33775084175084175,0.46,265.0
B,3,17,214.06,51.1677281105972,0.34674747474747475,0.56,265.0
B,3,18,214.16,38.83161598491621,0.3456835016835017,0.52,265.0
B,3,19,211.99,40.10373922715935,0.3420875420875421,0.58,265.0
B,3,20,214.06,41.811438626289814,0.35295622895622897,0.56,265.0
B,3,21,211.45,45.00341653696973,0.3365791245791246,0.52,265.0
B,3,22,212.47,39.20445255324961,0.34185858585858586,0.6,265.0
B,3,23,209.34,48.54569393880367,0.36616835016835014,0.56,265.0
B,3,24,210.69,46.825355310985096,0.3452794612794613,0.44,265.0
B,3,25,214.6,44.50011235940871,0.3216969696969697,0.5,265.0
B,3,26,218.61,38.75458553513378,0.29903030303030304,0.58,265.0
B,3,27,217.7,36.77866229214978,0.29123232323232323,0.54,265.0
B,3,28,216.46,38.47035741970693,0.3065589225589226,0.56,265.0
B,3,29,214.12,45.981143961410964,0.31956902356902356,0.57,265.0
B,3,30,212.59,46.542474149963276,0.31237710437710436,0.49,265.0
B,3,31,213.97,40.186429301444534,0.2988148148148148,0.56,265.0
B,3,32,221.49,33.537887530373766,0.2762020202020202,0.58,265.0
B,3,33,221.41,37.09530832868222,0.2445791245791246,0.63,265.0
B,3,34,219.76,37.63485618412803,0.2663299663299663,0.59,265.0
B,3,35,217.56,38.79389642714431,0.26257239057239057,0.58,265.0
B,3,36,216.09,42.490491877595396,0.2882154882154882,0.66,265.0
B,3,37,221.08,34.057210690248844,0.2746801346801347,0.56,265.0
B,3,38,217.73,36.062128334306614,0.2849158249158249,0.54,265.0
B,3,39,214.14,44.58318517109337,0.3138989898989899,0.52,265.0
B,3,40,222.36,36.406186287497896,0.29104377104377105,0.56,265.0
B,3,41,219.05,38.060313976634504,0.278020202020202,0.64,265.0
B,3,42,220.19,36.82273618296174,0.2546936026936027,0.65,265.0
B,3,43,216.64,39.83077202365026,0.25395286195286193,0.64,265.0
B,3,44,224.35,34.131913219156054,0.21139393939393938,0.64,265.0
B,3,45,228.99,35.3484073191424,0.21911111111111112,0.67,265.0
B,3,46,229.38,37.049367066118684,0.20325925925925925,0.59,265.0
B,3,47,225.62,41.77841069260534,0.19484175084175084,0.6,265.0
B,3,48,221.88,44.37437999566867,0.21408754208754208,0.59,265.0
B,3,49,224.65,35.12331846508812,0.20773063973063974,0.59,265.0
B,3,50,223.96,42.11506143887244,0.23756228956228956,0.62,265.0
B,3,51,228.81,44.94100466166728,0.21692929292929292,0.6,265.0
B,3,52,229.82,34.53473034497301,0.208,0.61,265.0
B,3,53,222.57,43.98005343334635,0.25217508417508416,0.57,265.0
B,3,54,220.64,49.8003052199482,0.24755555555555556,0.58,265.0
B,3,55,222.56,40.950047619019934,0.23045117845117846,0.54,265.0
B,3,56,226.11,35.18661535300035,0.2321885521885522,0.57,265.0
B,3,57,220.34,39.63640246036464,0.251946127946128,0.61,265.0
B,3,58,221.56,46.02484546416207,0.23973063973063974,0.52,265.0
B,3,59,227.38,36.44057628523456,0.21858585858585858,0.63,265.0
B,3,60,228.09,34.28150959336534,0.20203367003367004,0.65,265.0
B,3,61,230.95,34.81016374566486,0.20297643097643098,0.68,265.0
B,3,62,225.47,33.892611289188096,0.2266936026936027,0.59,265.0
B,3,63,217.39,34.401132248808324,0.25645791245791244,0.55,265.0
B,3,64,217.16,40.93084900170042,0.2575892255892256,0.58,265.0
B,3,65,218.0,47.61785379455903,0.23454545454545456,0.56,265.0
B,3,66,223.79,43.2134921060541,0.21892255892255894,0.54,265.0
B,3,67,224.03,31.96981545145358,0.23562289562289562,0.63,265.0
B,3,68,219.49,36.83978691577898,0.25422222222222224,0.57,265.0
B,3,69,219.55,36.895087748913134,0.25472053872053874,0.59,265.0
B,3,70,220.5,43.50091953051108,0.2574410774410774,0.57,265.0
B,3,71,220.4,43.47229002479625,0.2675016835016835,0.54,265.0
B,3,72,215.97,36.43938940212912,0.27884175084175084,0.55,265.0
B,3,73,215.34,41.23765754744079,0.2928619528619529,0.54,265.0
B,3,74,219.22,42.628764936366615,0.2981010101010101,0.47,265.0
B,3,75,219.87,38.901068108729355,0.30433670033670035,0.57,265.0
B,3,76,223.84,35.85462871094888,0.3060875420875421,0.57,265.0
B,3,77,216.4,43.9979544979082,0.2839191919191919,0.55,265.0
B,3,78,215.87,42.093623032473694,0.30266666666666664,0.49,265.0
B,3,79,206.18,49.82476894075877,0.30487542087542086,0.41,265.0
B,3,80,211.57,41.03419427745597,0.2955959595959596,0.42,265.0
B,3,81,216.35,40.823124574192015,0.2801077441077441,0.59,265.0
B,3,82,204.07,38.14531557085352,0.2865858585858586,0.52,265.0
B,3,83,210.71,52.67927391299163,0.2932255892255892,0.57,265.0
B,3,84,224.69,35.067847096735214,0.28374410774410774,0.47,265.0
B,3,85,222.6,36.74942176415841,0.24356902356902357,0.48,265.0
B,3,86,220.75,39.03777017197576,0.24526599326599327,0.52,265.0
B,3,87,221.59,38.135310409120834,0.241010101010101,0.49,265.0
B,3,88,215.32,41.8494635568964,0.2659259259259259,0.5,265.0
B,3,89,215.27,47.05461826431068,0.2883097643097643,0.5,265.0
B,3,90,225.36,34.49536780496767,0.27854545454545454,0.46,265.0
B,3,91,223.98,37.91173433120674,0.29853198653198654,0.49,265.0
B,3,92,215.51,43.42936679252876,0.2885252525252525,0.55,265.0
B,3,93,218.68,35.872239963514964,0.28424242424242424,0.52,265.0
B,3,94,223.29,36.44154085655545,0.27950168350168353,0.56,265.0
B,3,95,221.22,35.92174271941717,0.24176430976430976,0.54,265.0
B,3,96,222.45,38.092354876011534,0.2504915824915825,0.57,265.0
B,3,97,223.37,35.61787612983121,0.2516498316498316,0.54,265.0
B,3,98,218.33,44.49338265405317,0.2536969696969697,0.5,265.0
B,3,99,219.55,44.87546657139065,0.2674882154882155,0.53,265.0
B,3,100,217.5,40.564639774069235,0.2833670033670034,0.53,265.0
B,3,101,217.77,43.51984719642292,0.2941683501683502,0.56,265.0
B,3,102,216.97,42.59564649116151,0.2613333333333333,0.5,265.0
B,3,103,219.14,40.690052838500954,0.2817104377104377,0.64,265.0
B,3,104,221.72,37.24112780247129,0.2845791245791246,0.58,265.0
B,3,105,219.4,41.256272250410596,0.26484848484848483,0.57,265.0
B,3,106,213.68,45.30273280940125,0.2614814814814815,0.62,265.0
B,3,107,221.91,41.283433723468306,0.24568350168350167,0.56,265.0
B,3,108,215.29,49.14922074662019,0.2773333333333333,0.56,265.0
B,3,109,221.26,40.18497729251567,0.25155555555555553,0.65,265.0
B,3,110,215.27,41.299359559198976,0.27037037037037037,0.61,265.0
B,3,111,219.35,39.291315834418164,0.26971043771043773,0.61,265.0
B,3,112,220.17,38.601050503839915,0.28949494949494947,0.58,265.0
B,3,113,217.57,34.1678957502507,0.29498989898989897,0.53,265.0
B,3,114,217.34,34.3872709007272,0.2991649831649832,0.56,265.0
B,3,115,212.78,41.042314749536246,0.29913804713804715,0.55,265.0
B,3,116,207.36,47.68448804380729,0.29838383838383836,0.56,265.0
B,3,117,213.84,38.53718204539611,0.28156228956228957,0.57,265.0
B,3,118,217.43,43.38922792583431,0.2809023569023569,0.53,265.0
B,3,119,215.97,40.96253288067035,0.2865993265993266,0.5,265.0
B,3,120,217.39,39.35502382161647,0.27076094276094276,0.58,265.0
B,3,121,217.17,42.84531596335823,0.2679057239057239,0.58,265.0
B,3,122,222.32,33.60294034753507,0.2687003367003367,0.53,265.0
B,3,123,218.4,44.68713461389083,0.2724713804713805,0.49,265.0
B,3,124,221.63,39.9741554007086,0.2804983164983165,0.47,265.0
B,3,125,220.19,36.92443499906262,0.2739259259259259,0.6,265.0
B,3,126,212.5,48.80747893509764,0.2878249158249158,0.51,265.0
B,3,127,220.61,37.97496412111538,0.2788282828282828,0.53,265.0
B,3,128,209.65,44.83109969652762,0.31295622895622893,0.6,265.0
B,3,129,215.3,41.99535688620827,0.3013198653198653,0.56,265.0
B,3,130,215.4,41.47023028631502,0.28685521885521886,0.56,265.0
B,3,131,220.44,40.582094573838845,0.2773737373737374,0.55,265.0
B,3,132,221.2,37.65713743767574,0.2536969696969697,0.45,265.0
B,3,133,213.88,44.958042662019885,0.2818316498316498,0.49,265.0
B,3,134,215.75,39.85207020971433,0.28005387205387205,0.51,265.0
B,3,135,225.26,32.48341730791267,0.2606464646464646,0.51,265.0
B,3,136,224.57,38.703037348507934,0.24692255892255893,0.59,265.0
B,3,137,221.04,41.241949517451275,0.2082828282828283,0.54,265.0
B,3,138,225.87,46.86547876635851,0.19493602693602693,0.59,265.0
B,3,139,224.27,42.87746610983443,0.18523905723905723,0.52,265.0
B,3,140,227.94,35.77508071269721,0.20078114478114478,0.55,265.0
B,3,141,222.48,38.90179430309096,0.2343030303030303,0.56,265.0
B,3,142,226.56,35.51543889634478,0.22787878787878788,0.61,265.0
B,3,143,219.66,39.93825734806165,0.2315959595959596,0.56,265.0
B,3,144,220.29,39.918490702931145,0.24624915824915825,0.63,265.0
B,3,145,226.74,34.66889672314365,0.2401885521885522,0.68,265.0
B,3,146,226.63,34.282256343478906,0.227016835016835,0.69,265.0
B,3,147,223.22,39.601409065840066,0.23722558922558923,0.62,265.0
B,3,148,225.19,34.43768139698141,0.22634343434343435,0.58,265.0
B,3,149,226.29,38.24769143360159,0.2075016835016835,0.6,265.0
B,3,150,225.74,41.347943116919375,0.21186531986531987,0.64,265.0
B,3,151,221.41,39.902404689441966,0.22541414141414143,0.56,265.0
B,3,152,224.99,32.76446092948883,0.23393939393939395,0.67,265.0
B,3,153,224.83,40.88203884348236,0.2251986531986532,0.58,265.0
B,3,154,224.35,37.2642925600366,0.22747474747474747,0.55,265.0
B,3,155,226.98,31.597145440688152,0.2416969696969697,0.61,265.0
B,3,156,227.63,31.118372386742855,0.2531851851851852,0.62,265.0
B,3,157,219.56,40.05604074293913,0.23595959595959595,0.6,265.0
B,3,158,224.62,35.32499964614296,0.22694949494949496,0.68,265.0
B,3,159,222.78,37.274811870752615,0.22692255892255891,0.56,265.0
B,3,160,218.01,49.65349836617759,0.24618181818181817,0.59,265.0
B,3,161,218.91,33.60895565173068,0.25403367003367006,0.56,265.0
B,3,162,214.85,39.125023961654,0.2738989898989899,0.56,265.0
B,3,163,211.02,46.61522927112984,0.31191919191919193,0.59,265.0
B,3,164,215.77,38.14809431675454,0.2785723905723906,0.57,265.0
B,3,165,218.63,36.91277692073573,0.27803367003367,0.54,265.0
B,3,166,214.77,41.31896779930496,0.30584511784511786,0.58,265.0
B,3,167,209.22,41.08614851747484,0.3189090909090909,0.49,265.0
B,3,168,214.33,37.299612598524405,0.31107070707070705,0.55,265.0
B,3,169,218.19,35.859083925833914,0.33780471380471383,0.41,265.0
B,3,170,210.74,45.666753771206466,0.3517306397306397,0.52,265.0
B,3,171,213.05,47.32723845736194,0.34224915824915825,0.49,265.0
B,3,172,214.19,41.12096667151686,0.31146127946127944,0.49,265.0
B,3,173,217.58,43.37261347901461,0.2864646464646465,0.52,265.0
B,3,174,229.69,32.427980202288275,0.2401885521885522,0.63,265.0
B,3,175,224.67,35.98918031853462,0.2397037037037037,0.62,265.0
B,3,176,221.22,37.85408300302624,0.25352188552188554,0.61,265.0
B,3,177,222.36,41.23409269039396,0.272969696969697,0.6,265.0
B,3,178,216.35,42.3004432600889,0.27155555555555555,0.52,265.0
B,3,179,224.14,39.44642442604906,0.2683232323232323,0.57,265.0
B,3,180,216.35,45.90324062634358,0.2673400673400673,0.63,265.0
B,3,181,217.03,40.68991398368888,0.26810774410774413,0.62,265.0
B,3,182,217.71,36.82045491299638,0.2864915824915825,0.62,265.0
B,3,183,221.93,36.939749593087384,0.2810909090909091,0.68,265.0
B,3,184,217.73,44.77362058176667,0.2972929292929293,0.61,265.0
B,3,185,222.4,42.04711642907276,0.2648350168350168,0.57,265.0
B,3,186,217.59,55.02455724492475,0.25931313131313133,0.6,265.0
B,3,187,230.88,36.12901327188442,0.18657239057239058,0.53,265.0
B,3,188,226.03,44.41473967051929,0.21458585858585857,0.62,265.0
B,3,189,223.21,42.95865337740465,0.19175757575757577,0.59,265.0
B,3,190,220.63,37.4560155382283,0.21826262626262627,0.54,265.0
B,3,191,215.12,39.81639863171957,0.2694276094276094,0.58,265.0
B,3,192,218.09,35.22501809793716,0.24694949494949495,0.6,265.0
B,3,193,221.29,37.40703008793935,0.27564983164983164,0.64,265.0
B,3,194,209.29,50.1817287466265,0.2865858585858586,0.52,265.0
B,3,195,220.85,37.43163768792383,0.2953670033670034,0.6,265.0
B,3,196,224.27,37.55365628004815,0.27465319865319865,0.64,265.0
B,3,197,212.63,44.852570717852956,0.2993939393939394,0.58,265.0
B,3,198,213.01,46.2649964876255,0.2971582491582492,0.54,265.0
B,3,199,218.59,33.504356433156566,0.2896969696969697,0.55,265.0
B,3,200,214.32,37.91381806149309,0.2997037037037037,0.54,265.0
B,4,0,151.75,62.88837332925698,0.4988013468013468,0.29,256.0
B,4,1,184.28,44.267161643819,0.4901952861952862,0.5,256.0
B,4,2,188.87,48.4523797145197,0.4821144781144781,0.55,256.0
B,4,3,193.37,38.12234384189934,0.4802962962962963,0.55,256.0
B,4,4,199.76,37.82779930157186,0.47003367003367,0.44,256.0
B,4,5,196.55,50.57951660504477,0.4624107744107744,0.46,256.0
B,4,6,207.57,41.471497441013625,0.4268552188552189,0.47,258.0
B,4,7,202.44,44.74244517234167,0.42595286195286197,0.55,258.0
B,4,8,199.51,52.893760501594144,0.43038383838383837,0.58,263.0
B,4,9,212.42,36.487855513855564,0.4107878787878788,0.59,263.0
B,4,10,202.7,47.930261839468386,0.40565656565656566,0.51,263.0
B,4,11,212.5,34.512461517544644,0.40540067340067343,0.52,265.0
B,4,12,207.14,45.41431932771865,0.39676767676767677,0.59,265.0
B,4,13,208.31,38.339195348885454,0.3996363636363636,0.5,265.0
B,4,14,211.23,37.8412090187404,0.40420202020202023,0.56,265.0
B,4,15,206.07,38.83535888851808,0.4017373737373737,0.55,265.0
B,4,16,207.41,39.35456644406084,0.4113131313131313,0.47,265.0
B,4,17,210.36,33.817900585340894,0.3942760942760943,0.54,265.0
B,4,18,207.22,41.92697938082351,0.37692929292929295,0.5,265.0
B,4,19,211.31,40.24492390351857,0.35423569023569024,0.49,265.0
B,4,20,212.37,40.68578498689684,0.3472727272727273,0.46,265.0
B,4,21,205.2,46.03476946830515,0.3388821548821549,0.52,265.0
B,4,22,216.58,41.16629203608214,0.3462222222222222,0.48,265.0
B,4,23,211.1,41.32517392582879,0.3544781144781145,0.51,265.0
B,4,24,219.11,35.45670458460572,0.3250909090909091,0.52,265.0
B,4,25,216.34,40.36117441304204,0.31451851851851853,0.5,265.0
B,4,26,219.63,35.08551125464755,0.2853198653198653,0.54,265.0
B,4,27,217.04,35.12119587941162,0.28623569023569023,0.53,265.0
B,4,28,216.1,40.00437476076835,0.2913265993265993,0.51,265.0
B,4,29,220.56,40.69430426976237,0.2901818181818182,0.53,265.0
B,4,30,222.05,33.34947525824057,0.2861818181818182,0.51,265.0
B,4,31,218.15,37.85772708444076,0.2920808080808081,0.54,265.0
B,4,32,219.36,39.78982784582009,0.29463973063973065,0.53,265.0
B,4,33,222.91,36.80382996374154,0.28654545454545455,0.61,265.0
B,4,34,223.35,42.787468959965366,0.27764309764309764,0.6,265.0
B,4,35,215.0,41.76625432092277,0.2946127946127946,0.62,265.0
B,4,36,215.93,41.97124134452066,0.2908148148148148,0.62,265.0
B,4,37,211.83,40.543077090916526,0.31547474747474746,0.55,265.0
B,4,38,211.18,39.71130317680345,0.30953535353535355,0.67,265.0
B,4,39,217.62,36.19303247864152,0.31534006734006736,0.59,265.0
B,4,40,220.89,35.32927822642291,0.29847811447811445,0.61,265.0
B,4,41,223.95,41.907129465044484,0.2990572390572391,0.7,265.0
B,4,42,217.81,36.749338769561554,0.3137508417508417,0.56,265.0
B,4,43,217.98,42.29396647277245,0.2800673400673401,0.62,265.0
B,4,44,219.49,36.38557269028481,0.28185858585858586,0.61,265.0
B,4,45,219.2,41.070427316988074,0.279973063973064,0.61,265.0
B,4,46,215.44,36.80470622080823,0.3005656565656566,0.6,265.0
B,4,47,206.9,45.60054824231832,0.3207003367003367,0.51,265.0
B,4,48,210.69,42.740775612990454,0.3236363636363636,0.53,265.0
B,4,49,216.19,36.29840079121944,0.33531313131313134,0.48,265.0
B,4,50,211.21,41.38557598970927,0.32781144781144783,0.55,265.0
B,4,51,219.38,45.65605764846544,0.3289292929292929,0.58,265.0
B,4,52,219.45,37.68829393856931,0.3184107744107744,0.56,265.0
B,4,53,222.67,33.15178879035036,0.33504377104377103,0.58,265.0
B,4,54,213.04,43.29593976344665,0.3096161616161616,0.59,265.0
B,4,55,220.49,40.75548920084263,0.2891043771043771,0.53,265.0
B,4,56,222.68,30.904006212787365,0.2907609427609428,0.55,265.0
B,4,57,216.87,44.05988084414211,0.2970639730639731,0.53,265.0
B,4,58,218.19,37.32229762487835,0.2878249158249158,0.56,265.0
B,4,59,216.25,43.71461426113697,0.2947205387205387,0.59,265.0
B,4,60,212.03,42.7629407314324,0.31046464646464644,0.59,265.0
B,4,61,222.47,30.548798667050722,0.29348148148148145,0.68,265.0
B,4,62,217.21,40.58603084806397,0.2854814814814815,0.53,265.0
B,4,63,215.12,39.34419398081501,0.2887676767676768,0.55,265.0
B,4,64,218.52,43.23551318071753,0.2907205387205387,0.56,265.0
B,4,65,214.75,42.74210453405401,0.2997575757575758,0.58,265.0
B,4,66,207.96,51.18513846811396,0.2976565656565657,0.53,265.0
B,4,67,211.22,41.05546979392636,0.3002154882154882,0.54,265.0
B,4,68,211.04,47.07906541128445,0.2975084175084175,0.52,265.0
B,4,69,218.7,39.348062214040475,0.285979797979798,0.53,265.0
B,4,70,222.77,30.657088902894873,0.2670976430976431,0.5,265.0
B,4,71,218.19,44.51756844213305,0.27344107744107743,0.54,265.0
B,4,72,213.05,50.43874998451092,0.2889023569023569,0.61,265.0
B,4,73,215.99,45.710500981721914,0.27016835016835017,0.51,265.0
B,4,74,214.14,42.223221099295586,0.295973063973064,0.51,265.0
B,4,75,225.84,32.98203147169683,0.258989898989899,0.51,265.0
B,4,76,227.32,37.93095833221196,0.24793265993265992,0.63,265.0
B,4,77,227.84,37.402331478131146,0.22231649831649833,0.56,265.0
B,4,78,231.91,35.154543091896386,0.22972390572390572,0.56,265.0
B,4,79,219.07,43.586065433805786,0.22922558922558922,0.53,265.0
B,4,80,217.65,51.18366438620822,0.2343164983164983,0.54,265.0
B,4,81,218.6,42.631912929166106,0.2342895622895623,0.57,265.0
B,4,82,221.7,43.14985515618795,0.22323232323232323,0.55,265.0
B,4,83,226.77,35.51615266326014,0.22414814814814815,0.55,265.0
B,4,84,225.33,35.1007279126801,0.20556228956228956,0.55,265.0
B,4,85,219.38,36.89628165547309,0.2330909090909091,0.52,265.0
B,4,86,221.0,37.651825984937304,0.24315151515151515,0.56,265.0
B,4,87,225.0,37.77168251481525,0.23775084175084174,0.58,265.0
B,4,88,220.04,41.293079323295814,0.24925252525252525,0.59,265.0
B,4,89,219.89,34.70270738717658,0.26435016835016834,0.54,265.0
B,4,90,216.02,40.847516448371735,0.284983164983165,0.52,265.0
B,4,91,225.95,30.512087768620486,0.2506127946127946,0.56,265.0
B,4,92,221.32,34.82208494619471,0.2426127946127946,0.58,265.0
B,4,93,217.73,41.00386689081897,0.24954882154882155,0.54,265.0
B,4,94,224.7,35.87380660035954,0.25621548821548823,0.59,265.0
B,4,95,227.27,32.377725367913044,0.2657373737373737,0.59,265.0
B,4,96,227.14,35.82932318646279,0.2648754208754209,0.58,265.0
B,4,97,220.36,46.57692991170628,0.27004713804713804,0.53,265.0
B,4,98,214.86,45.76964496257317,0.284,0.55,265.0
B,4,99,216.1,41.11727131024139,0.2874074074074074,0.51,265.0
B,4,100,225.87,30.80086200092458,0.2844713804713805,0.63,265.0
B,4,101,217.3,42.667200517493534,0.26167003367003366,0.56,265.0
B,4,102,218.1,42.39021113417578,0.24131986531986532,0.55,265.0
B,4,103,224.63,43.183018653169675,0.2466801346801347,0.58,265.0
B,4,104,225.93,30.587335614597098,0.2317979797979798,0.61,265.0
B,4,105,227.99,36.47204271767623,0.2594478114478114,0.56,265.0
B,4,106,225.47,38.67750121194491,0.23753535353535354,0.48,265.0
B,4,107,220.61,42.554176058290686,0.2703030303030303,0.53,265.0
B,4,108,215.93,47.988593436357355,0.2657912457912458,0.5,265.0
B,4,109,218.96,35.56737831215565,0.27855892255892256,0.54,265.0
B,4,110,213.64,50.605636049752405,0.2901818181818182,0.55,265.0
B,4,111,225.1,33.59538658804211,0.25208080808080807,0.52,265.0
B,4,112,219.23,43.07362418000139,0.25505723905723904,0.51,265.0
B,4,113,220.47,37.41268635102269,0.2752727272727273,0.55,265.0
B,4,114,210.74,45.5900471594404,0.2943030303030303,0.55,265.0
B,4,115,214.12,42.83439739274967,0.2905050505050505,0.62,265.0
B,4,116,228.66,31.124337743958506,0.279016835016835,0.61,265.0
B,4,117,223.04,32.89891183610789,0.28413468013468013,0.55,265.0
B,4,118,218.3,41.26778404518469,0.2668013468013468,0.52,265.0
B,4,119,220.5,42.36708628168805,0.2803771043771044,0.59,265.0
B,4,120,216.12,44.21748070616416,0.30043097643097644,0.5,265.0
B,4,121,220.38,39.63553456180451,0.2832323232323232,0.48,265.0
B,4,122,223.56,40.744403296649224,0.26736700336700336,0.5,265.0
B,4,123,216.79,40.06177604650098,0.28515824915824917,0.46,265.0
B,4,124,223.09,42.2712893108313,0.25583838383838386,0.6,265.0
B,4,125,224.36,36.69155761207202,0.24751515151515152,0.61,265.0
B,4,126,221.86,39.121099166562274,0.26896969696969697,0.54,265.0
B,4,127,213.05,47.54269134157215,0.27983838383838383,0.52,265.0
B,4,128,221.35,39.10763991856322,0.25582491582491584,0.53,265.0
B,4,129,227.36,33.330322530692676,0.2493737373737374,0.6,265.0
B,4,130,219.46,49.12217829046266,0.25135353535353533,0.53,265.0
B,4,131,220.37,44.16687786113028,0.23792592592592593,0.58,265.0
B,4,132,224.81,37.96938108529028,0.24237037037037037,0.55,265.0
B,4,133,221.46,39.3960454868252,0.26342087542087544,0.6,265.0
B,4,134,224.83,31.434711705374365,0.27330639730639733,0.57,265.0
B,4,135,214.35,44.666626243762806,0.28115824915824916,0.54,265.0
B,4,136,209.09,50.687492540073436,0.2854814814814815,0.5,265.0
B,4,137,216.08,44.28288156838938,0.28584511784511785,0.51,265.0
B,4,138,210.2,51.17206269049549,0.2852929292929293,0.5,265.0
B,4,139,219.85,43.513072748313235,0.27334680134680134,0.55,265.0
B,4,140,221.06,42.994841551051216,0.26606060606060605,0.48,265.0
B,4,141,218.2,45.77816073194728,0.2612794612794613,0.56,265.0
B,4,142,222.87,38.67781146859269,0.2341010101010101,0.61,265.0
B,4,143,227.65,30.68366829438749,0.2278114478114478,0.61,265.0
B,4,144,216.75,40.864256998017225,0.252996632996633,0.5,265.0
B,4,145,217.66,42.381651690324674,0.26864646464646463,0.62,265.0
B,4,146,223.27,37.69372759491956,0.2631784511784512,0.63,265.0
B,4,147,219.1,38.079784663256696,0.2624377104377104,0.63,265.0
B,4,148,217.66,39.169942558038045,0.27925925925925926,0.62,265.0
B,4,149,218.93,35.82492288896098,0.27845117845117845,0.58,265.0
B,4,150,218.91,35.85333875666254,0.2685387205387205,0.54,265.0
B,4,151,214.59,41.2439316748537,0.2745858585858586,0.67,265.0
B,4,152,224.08,35.775041579291006,0.25326599326599325,0.66,265.0
B,4,153,228.9,33.183278921770224,0.2560808080808081,0.58,265.0
B,4,154,230.29,32.90084953310476,0.22238383838383838,0.57,265.0
B,4,155,227.46,35.92810042292801,0.24432323232323233,0.54,265.0
B,4,156,215.98,48.998975499493866,0.25317171717171716,0.57,265.0
B,4,157,224.62,35.30489484476622,0.2659259259259259,0.54,265.0
B,4,158,214.03,49.20415734467973,0.2860875420875421,0.49,265.0
B,4,159,222.45,37.47435789976928,0.2731717171717172,0.47,265.0
B,4,160,220.26,43.87541908631757,0.25962289562289564,0.58,265.0
B,4,161,216.24,46.57491170147293,0.28984511784511785,0.5,265.0
B,4,162,218.71,40.04055319298174,0.27760269360269363,0.58,265.0
B,4,163,225.35,36.95412696844562,0.2571447811447811,0.58,265.0
B,4,164,228.28,33.45447055327583,0.2420875420875421,0.7,265.0
B,4,165,228.17,30.991306845630113,0.24072727272727273,0.67,265.0
B,4,166,220.27,39.950933656173795,0.22254545454545455,0.6,265.0
B,4,167,225.29,34.75753011938564,0.24079461279461278,0.62,265.0
B,4,168,231.41,34.84080796996533,0.21538047138047137,0.66,265.0
B,4,169,224.19,41.38881370612113,0.216,0.64,265.0
B,4,170,231.94,33.15081296137396,0.21121885521885522,0.69,265.0
B,4,171,225.38,36.74201409830441,0.21771043771043772,0.6,265.0
B,4,172,225.0,35.528298580145936,0.22262626262626262,0.6,265.0
B,4,173,223.25,42.916750808979,0.21752188552188553,0.56,265.0
B,4,174,217.81,45.07453715791212,0.21861279461279462,0.52,265.0
B,4,175,218.95,42.21880505177758,0.23004713804713806,0.63,265.0
B,4,176,213.47,39.177405478157944,0.24771717171717172,0.58,265.0
B,4,177,219.59,40.8313837629831,0.2522828282828283,0.54,265.0
B,4,178,227.05,34.15300133224019,0.2379124579124579,0.62,265.0
B,4,179,229.93,31.207773070182366,0.20266666666666666,0.65,265.0
B,4,180,230.61,31.31928958325843,0.22557575757575757,0.65,265.0
B,4,181,231.06,38.591403187756725,0.19717171717171716,0.66,265.0
B,4,182,225.78,38.62345919256845,0.19525925925925927,0.65,265.0
B,4,183,224.98,42.25114909679973,0.23761616161616161,0.6,265.0
B,4,184,225.8,38.28315556481728,0.23015488215488217,0.57,265.0
B,4,185,223.07,32.63104503383243,0.24418855218855218,0.59,265.0
B,4,186,222.0,33.6666006600013,0.2615757575757576,0.62,265.0
B,4,187,221.51,31.652960367080993,0.31132659932659934,0.6,265.0
B,4,188,218.82,36.68634078236749,0.3357845117845118,0.53,265.0
B,4,189,205.7,49.061084374481574,0.3613063973063973,0.57,265.0
B,4,190,206.49,50.05067332214423,0.35135353535353536,0.53,265.0
B,4,191,215.91,36.82583196616202,0.3386127946127946,0.66,265.0
B,4,192,217.13,38.44259486559147,0.3301279461279461,0.58,265.0
B,4,193,211.62,41.30466801706557,0.32545454545454544,0.6,265.0
B,4,194,211.7,35.869346244390904,0.3470707070707071,0.49,265.0
B,4,195,211.89,37.00834905801662,0.35878787878787877,0.58,265.0
B,4,196,211.71,41.524040025026466,0.3491313131313131,0.51,265.0
B,4,197,215.32,31.868442070487223,0.3399326599326599,0.55,265.0
B,4,198,211.34,42.13008901011248,0.3375353535353535,0.49,265.0
B,4,199,209.71,49.58634791956351,0.3225050505050505,0.47,265.0
B,4,200,211.41,43.7943135578125,0.31812794612794615,0.48,265.0
B,5,0,158.2,59.289459434202975,0.49772390572390574,0.37,242.0
B,5,1,184.5,44.61849392348424,0.4870572390572391,0.48,243.0
B,5,2,199.75,37.945586041066754,0.4749090909090909,0.51,258.0
B,5,3,195.75,38.0587374987663,0.45247138047138047,0.56,258.0
B,5,4,205.82,36.10245974999488,0.41854545454545455,0.51,258.0
B,5,5,198.29,47.426215324438445,0.3972929292929293,0.52,258.0
B,5,6,208.7,39.8455769189003,0.3860875420875421,0.49,258.0
B,5,7,207.51,46.05637740856308,0.37377777777777776,0.44,261.0
B,5,8,214.24,41.213861745776754,0.3592053872053872,0.6,261.0
B,5,9,216.93,36.03005828471555,0.3503838383838384,0.57,261.0
B,5,10,215.27,38.978931488690144,0.3460875420875421,0.51,261.0
B,5,11,212.56,33.53843168664868,0.3466127946127946,0.53,261.0
B,5,12,210.71,32.30922314138797,0.3617912457912458,0.48,261.0
B,5,13,205.37,41.9353442814054,0.35115151515151516,0.42,261.0
B,5,14,215.41,36.44532754688864,0.342006734006734,0.45,261.0
B,5,15,215.26,34.98874676235204,0.3518249158249158,0.5,261.0
B,5,16,208.51,46.784504913486046,0.3682558922558923,0.51,261.0
B,5,17,212.02,38.404942390270556,0.37038383838383837,0.56,265.0
B,5,18,206.99,46.114096543248024,0.3521616161616162,0.47,265.0
B,5,19,213.46,39.277072192310875,0.3392727272727273,0.5,265.0
B,5,20,208.3,50.72248022326984,0.3242962962962963,0.57,265.0
B,5,21,208.74,41.76736046244723,0.37675420875420873,0.36,265.0
B,5,22,206.62,48.893308335599464,0.3696969696969697,0.42,265.0
B,5,23,213.94,34.282887859688834,0.3483636363636364,0.49,265.0
B,5,24,214.53,37.26887575444153,0.3435151515151515,0.52,265.0
B,5,25,205.7,43.49241313148766,0.3536969696969697,0.55,265.0
B,5,26,212.0,39.4742954338643,0.35613468013468014,0.56,265.0
B,5,27,213.32,40.41605621532116,0.33296969696969697,0.5,265.0
B,5,28,211.17,46.06713687651968,0.3034208754208754,0.55,265.0
B,5,29,211.91,47.27622975661236,0.3256026936026936,0.54,265.0
B,5,30,205.83,44.19299831421263,0.3276767676767677,0.52,265.0
B,5,31,213.29,41.326818169319544,0.33236363636363636,0.51,265.0
B,5,32,216.25,40.42310601623779,0.3167811447811448,0.52,265.0
B,5,33,211.98,43.79771226902154,0.33301010101010103,0.53,265.0
B,5,34,213.05,49.362814952147936,0.3221414141414141,0.59,265.0
B,5,35,217.13,38.662812882665435,0.30876767676767675,0.54,265.0
B,5,36,215.41,46.091451485063914,0.2923771043771044,0.57,265.0
B,5,37,219.79,35.61889807391576,0.2692255892255892,0.65,265.0
B,5,38,210.45,45.74174788964672,0.29443771043771044,0.65,265.0
B,5,39,218.41,38.63187673411687,0.28364983164983165,0.63,265.0
B,5,40,220.05,41.51972422837127,0.281993265993266,0.61,265.0
B,5,41,222.77,37.29580539417268,0.2671784511784512,0.5,265.0
B,5,42,216.12,39.972310416086785,0.27380471380471383,0.58,265.0
B,5,43,220.2,42.366732231787715,0.2645925925925926,0.58,265.0
B,5,44,219.75,46.78020414662595,0.2365925925925926,0.64,265.0
B,5,45,222.3,32.29071073853903,0.24351515151515152,0.57,265.0
B,5,46,225.78,39.514701061756746,0.2471784511784512,0.61,265.0
B,5,47,221.34,42.03170707929908,0.24461952861952863,0.49,265.0
B,5,48,227.18,36.97928609370387,0.25387205387205386,0.58,265.0
B,5,49,222.72,46.04521256330565,0.24024242424242423,0.51,265.0
B,5,50,225.45,41.0461630362693,0.228996632996633,0.49,265.0
B,5,51,224.55,36.00010416651596,0.2365117845117845,0.64,265.0
B,5,52,223.88,36.46430583461037,0.2480942760942761,0.55,265.0
B,5,53,219.8,40.952655591548634,0.24791919191919193,0.51,265.0
B,5,54,223.66,33.389285706645474,0.23267340067340067,0.58,265.0
B,5,55,224.02,37.9541776356701,0.2579124579124579,0.5,265.0
B,5,56,221.73,43.811380941485965,0.23991919191919192,0.49,265.0
B,5,57,221.35,46.080662972661315,0.256013468013468,0.55,265.0
B,5,58,212.33,48.86758741742834,0.2609427609427609,0.54,265.0
B,5,59,218.06,35.75914428506365,0.2691313131313131,0.51,265.0
B,5,60,216.86,43.08085885866251,0.2895218855218855,0.54,265.0
B,5,61,216.92,40.269512040748644,0.268026936026936,0.63,265.0
B,5,62,221.49,40.41942478561515,0.2693063973063973,0.61,265.0
B,5,63,215.05,47.50081578246841,0.2891851851851852,0.55,265.0
B,5,64,220.72,34.52421758707936,0.2691043771043771,0.53,265.0
B,5,65,221.44,36.94734631878182,0.2757306397306397,0.52,265.0
B,5,66,219.34,36.55713883771541,0.29473400673400674,0.52,265.0
B,5,67,217.25,36.895087748913134,0.29804713804713806,0.52,265.0
B,5,68,218.68,36.990777228925594,0.30177777777777776,0.59,265.0
B,5,69,214.31,40.58046204764061,0.31121885521885523,0.59,265.0
B,5,70,205.98,41.51697965892991,0.3257777777777778,0.51,265.0
B,5,71,213.71,34.88303169164057,0.34165656565656566,0.55,265.0
B,5,72,208.51,42.87924789452352,0.31492255892255894,0.56,265.0
B,5,73,214.09,41.47796885094544,0.30697643097643096,0.57,265.0
B,5,74,218.19,42.11785725793752,0.30212794612794613,0.58,265.0
B,5,75,220.09,32.61382988856108,0.3015622895622896,0.53,265.0
B,5,76,211.0,41.59158568749213,0.3007676767676768,0.59,265.0
B,5,77,215.33,40.50803747406186,0.31158249158249157,0.56,265.0
B,5,78,218.64,39.776757032216686,0.28693602693602693,0.57,265.0
B,5,79,216.69,45.237969671504935,0.28795959595959597,0.56,265.0
B,5,80,217.25,39.97408535538993,0.2863299663299663,0.6,265.0
B,5,81,218.48,41.33436342802439,0.2856026936026936,0.59,265.0
B,5,82,217.81,41.803754616062896,0.29379124579124577,0.51,265.0
B,5,83,214.62,37.40956562164281,0.298006734006734,0.48,265.0
B,5,84,209.84,43.83576621892219,0.31472053872053873,0.51,265.0
B,5,85,211.03,42.164785070008364,0.3153939393939394,0.62,265.0
B,5,86,203.33,43.82169668098213,0.3422222222222222,0.56,265.0
B,5,87,213.39,40.067916092554654,0.3362154882154882,0.61,265.0
B,5,88,218.62,36.453746035215644,0.351030303030303,0.5,265.0
B,5,89,220.13,37.50804047134427,0.3263030303030303,0.55,265.0
B,5,90,210.68,44.23502684525013,0.3251447811447811,0.54,265.0
B,5,91,213.01,39.16490648527071,0.3494276094276094,0.49,265.0
B,5,92,214.65,38.80860085084233,0.3084848484848485,0.48,265.0
B,5,93,207.88,42.72734019337033,0.326976430976431,0.46,265.0
B,5,94,208.48,40.290316454453425,0.34014814814814814,0.46,265.0
B,5,95,214.12,46.26775983338722,0.3154074074074074,0.48,265.0
B,5,96,221.01,39.952345362944584,0.2997979797979798,0.58,265.0
B,5,97,222.43,37.67764721953854,0.2557979797979798,0.57,265.0
B,5,98,214.91,41.49701073571445,0.2757845117845118,0.54,265.0
B,5,99,217.38,35.49219069034765,0.29239057239057237,0.57,265.0
B,5,100,214.0,37.42111703303363,0.2907744107744108,0.53,265.0
B,5,101,208.44,41.220703535966,0.33186531986531986,0.46,265.0
B,5,102,212.35,41.80487411773894,0.34894276094276094,0.54,265.0
B,5,103,213.74,42.29766423811131,0.3166868686868687,0.59,265.0
B,5,104,214.09,43.146980195605806,0.3263299663299663,0.52,265.0
B,5,105,218.42,36.367892432748974,0.32157575757575757,0.58,265.0
B,5,106,214.4,44.95909251753198,0.31314478114478117,0.61,265.0
B,5,107,216.11,38.00207757478531,0.31077441077441076,0.54,265.0
B,5,108,216.09,45.125845144440234,0.2958653198653199,0.6,265.0
B,5,109,219.97,39.9495819752848,0.2825723905723906,0.59,265.0
B,5,110,221.33,31.625007509880533,0.2806195286195286,0.67,265.0
B,5,111,218.92,38.82156101961899,0.2984242424242424,0.62,265.0
B,5,112,224.99,41.364113673569754,0.2966060606060606,0.64,265.0
B,5,113,220.44,39.51261064521047,0.276983164983165,0.61,265.0
B,5,114,222.75,37.713757436776305,0.25827609427609427,0.58,265.0
B,5,115,219.13,37.37583577660839,0.2675420875420875,0.56,265.0
B,5,116,226.76,32.064347802504884,0.25951515151515153,0.56,265.0
B,5,117,219.24,45.28711074908621,0.25552861952861955,0.65,265.0
B,5,118,222.1,38.74132160884551,0.27784511784511784,0.56,265.0
B,5,119,217.59,38.20578359358698,0.2720942760942761,0.58,265.0
B,5,120,219.8,39.01153675517026,0.27575757575757576,0.53,265.0
B,5,121,218.31,36.87456982799935,0.2782760942760943,0.49,265.0
B,5,122,216.27,42.379441950077634,0.2695218855218855,0.55,265.0
B,5,123,222.52,36.11024231433514,0.2893063973063973,0.56,265.0
B,5,124,215.39,41.800931807795855,0.3161885521885522,0.46,265.0
B,5,125,213.61,41.37412113870215,0.3172121212121212,0.6,265.0
B,5,126,215.62,39.24685465104178,0.2840673400673401,0.48,265.0
B,5,127,220.84,36.080110864574685,0.2843905723905724,0.51,265.0
B,5,128,212.44,35.89270678006884,0.31247138047138046,0.46,265.0
B,5,129,212.27,43.99132982759215,0.3032188552188552,0.49,265.0
B,5,130,216.32,42.8830689200295,0.3110976430976431,0.48,265.0
B,5,131,206.89,59.55046515351497,0.31313131313131315,0.55,265.0
B,5,132,217.59,47.77658317627999,0.2915959595959596,0.56,265.0
B,5,133,218.88,44.37257711695366,0.29877441077441075,0.6,265.0
B,5,134,220.45,37.16890501481043,0.2881212121212121,0.62,265.0
B,5,135,220.66,33.983590157604006,0.2954747474747475,0.55,265.0
B,5,136,215.93,34.110776889423086,0.28645117845117846,0.5,265.0
B,5,137,215.42,43.53485500148129,0.2987070707070707,0.5,265.0
B,5,138,221.12,37.50954011981485,0.27445117845117845,0.53,265.0
B,5,139,220.72,41.84544897596392,0.2625319865319865,0.56,265.0
B,5,140,220.06,45.190003319318315,0.2582087542087542,0.55,265.0
B,5,141,216.69,47.25181372180331,0.2670976430976431,0.55,265.0
B,5,142,214.79,38.932581471050696,0.2739393939393939,0.59,265.0
B,5,143,209.63,43.75446377228271,0.2908956228956229,0.53,265.0
B,5,144,214.12,39.61118023992721,0.27181144781144784,0.57,265.0
B,5,145,224.12,35.54188514977786,0.2378989898989899,0.59,265.0
B,5,146,226.17,40.29715994955476,0.22760942760942762,0.54,265.0
B,5,147,225.81,45.27906690734693,0.24157575757575758,0.62,265.0
B,5,148,229.78,36.33223912725446,0.21828956228956228,0.6,265.0
B,5,149,226.72,33.92081366948617,0.2007946127946128,0.58,265.0
B,5,150,232.67,28.54191829572778,0.19443771043771044,0.62,265.0
B,5,151,221.97,38.23779674615158,0.21455892255892256,0.52,265.0
B,5,152,221.66,43.411109177260144,0.24492929292929294,0.51,265.0
B,5,153,221.79,38.933865721245816,0.2581952861952862,0.5,265.0
B,5,154,214.34,40.764744571749745,0.28783838383838384,0.52,265.0
B,5,155,223.53,43.03056007072183,0.25973063973063976,0.56,265.0
B,5,156,226.42,39.34899744593247,0.21368350168350167,0.51,265.0
B,5,157,217.3,50.11696319610757,0.22001346801346802,0.58,265.0
B,5,158,228.83,38.14473882464003,0.2343838383838384,0.66,265.0
B,5,159,228.59,32.89744518955841,0.2327946127946128,0.61,265.0
B,5,160,228.7,32.896352381381135,0.277037037037037,0.42,265.0
B,5,161,219.34,47.00153614510912,0.2605925925925926,0.57,265.0
B,5,162,220.91,44.75937778834733,0.2531447811447812,0.52,265.0
B,5,163,225.8,37.3255944359899,0.24583164983164985,0.52,265.0
B,5,164,219.73,44.97507198437819,0.23802020202020202,0.5,265.0
B,5,165,226.78,36.403455879902396,0.22530639730639732,0.55,265.0
B,5,166,220.24,45.830583675096264,0.23986531986531986,0.61,265.0
B,5,167,226.78,34.37835947220286,0.2622895622895623,0.59,265.0
B,5,168,221.66,44.6614419829902,0.24822895622895622,0.56,265.0
B,5,169,226.9,35.10398837739097,0.2296026936026936,0.58,265.0
B,5,170,224.33,34.448237981063706,0.25302356902356904,0.59,265.0
B,5,171,222.79,37.246018579171654,0.2844309764309764,0.52,265.0
B,5,172,218.34,40.15400851720785,0.2705723905723906,0.53,265.0
B,5,173,225.93,31.271154439834802,0.24707070707070708,0.59,265.0
B,5,174,225.3,33.167303176471854,0.24622222222222223,0.63,265.0
B,5,175,225.36,40.4775295688855,0.2519057239057239,0.57,265.0
B,5,176,219.47,48.0935453049575,0.2494949494949495,0.6,265.0
B,5,177,227.12,38.27565283571268,0.2391111111111111,0.64,265.0
B,5,178,230.47,38.58120138098346,0.2075016835016835,0.59,265.0
B,5,179,228.33,37.737794053176984,0.20782491582491583,0.5,265.0
B,5,180,229.48,39.27403213320476,0.2046060606060606,0.64,265.0
B,5,181,225.9,35.234216324476414,0.21342760942760944,0.66,265.0
B,5,182,223.61,40.92967016725154,0.20294949494949496,0.6,265.0
B,5,183,217.37,47.83171646512385,0.22523905723905724,0.58,265.0
B,5,184,218.98,40.002994887883084,0.22647811447811447,0.58,265.0
B,5,185,227.97,27.412571933330153,0.2430841750841751,0.53,265.0
B,5,186,227.57,37.35779838266704,0.23037037037037036,0.5,265.0
B,5,187,225.05,34.150366030249224,0.23426262626262626,0.6,265.0
B,5,188,218.16,38.384298873367484,0.2670976430976431,0.62,265.0
B,5,189,215.24,43.880091157608135,0.2946666666666667,0.56,265.0
B,5,190,222.22,32.894552740537456,0.2959191919191919,0.56,265.0
B,5,191,213.52,50.17538838912958,0.3067878787878788,0.51,265.0
B,5,192,219.77,41.86235898752005,0.2726195286195286,0.56,265.0
B,5,193,222.78,38.66848329065933,0.26567003367003367,0.52,265.0
B,5,194,219.66,44.32769337558633,0.26156228956228955,0.53,265.0
B,5,195,216.9,48.665696337358625,0.2655084175084175,0.57,265.0
B,5,196,219.94,39.83210263091819,0.2641346801346801,0.66,265.0
B,5,197,220.41,35.6606491808548,0.27016835016835017,0.54,265.0
B,5,198,222.71,39.929511642393024,0.25236363636363635,0.53,265.0
B,5,199,223.69,38.35770978564805,0.2431784511784512,0.54,265.0
B,5,200,219.65,40.90119191417287,0.27764309764309764,0.59,265.0
B,6,0,146.05,68.50290139840793,0.4993535353535353,0.35,248.0
B,6,1,187.64,40.19813926041851,0.4912996632996633,0.46,251.0
B,6,2,194.11,39.69203824446409,0.49143434343434345,0.43,251.0
B,6,3,192.75,42.18989807999066,0.4742895622895623,0.48,251.0
B,6,4,200.35,41.65870257221173,0.44417508417508417,0.48,259.0
B,6,5,197.6,53.07636008620033,0.42814814814814817,0.44,259.0
B,6,6,201.42,41.622152755473856,0.4238249158249158,0.5,259.0
B,6,7,212.18,37.73284510873783,0.3887407407407407,0.59,260.0
B,6,8,207.16,46.323799498745785,0.38482154882154884,0.53,260.0
B,6,9,210.22,36.55833147177262,0.36328619528619527,0.58,260.0
B,6,10,213.83,38.7373347043908,0.36088888888888887,0.57,260.0
B,6,11,204.69,49.27833093764439,0.33226936026936027,0.55,260.0
B,6,12,201.92,42.08863979745603,0.3348821548821549,0.52,263.0
B,6,13,209.52,47.54018931388473,0.3463030303030303,0.48,263.0
B,6,14,205.95,37.14226029740248,0.3485252525252525,0.56,263.0
B,6,15,202.28,40.878375701585796,0.37213468013468015,0.54,263.0
B,6,16,216.24,37.72137855381216,0.3722020202020202,0.49,263.0
B,6,17,210.92,37.17167739018513,0.37816835016835015,0.53,263.0
B,6,18,197.59,48.33447941169947,0.3895353535353535,0.49,263.0
B,6,19,201.71,44.797387200594635,0.37055892255892253,0.56,263.0
B,6,20,202.03,46.292862300791036,0.38113131313131315,0.53,263.0
B,6,21,210.54,32.5430238300008,0.36037710437710435,0.63,263.0
B,6,22,207.77,43.61005732626363,0.35205387205387206,0.56,263.0
B,6,23,208.48,36.15728972143792,0.3583569023569024,0.48,263.0
B,6,24,210.48,40.2366698423217,0.340996632996633,0.56,265.0
B,6,25,214.03,43.6791609351645,0.3368350168350168,0.62,265.0
B,6,26,207.57,43.54038470202118,0.3736026936026936,0.6,265.0
B,6,27,211.34,37.9576658924123,0.36313804713804715,0.62,265.0
B,6,28,206.38,47.25691060575162,0.3484040404040404,0.52,265.0
B,6,29,209.14,39.387058788388856,0.3512861952861953,0.6,265.0
B,6,30,213.41,41.46615366778067,0.3475016835016835,0.53,265.0
B,6,31,213.61,43.3720866456757,0.33156902356902357,0.58,265.0
B,6,32,219.36,37.81018910293891,0.3269090909090909,0.57,265.0
B,6,33,216.52,37.181576082785945,0.3386127946127946,0.58,265.0
B,6,34,214.77,40.17980960631844,0.32405387205387204,0.51,265.0
B,6,35,224.12,30.534334772514697,0.3255892255892256,0.52,265.0
B,6,36,215.22,41.75058801981117,0.33555555555555555,0.6,265.0
B,6,37,215.6,43.539866788955614,0.3178989898989899,0.62,265.0
B,6,38,220.29,38.38887729538336,0.30967003367003365,0.63,265.0
B,6,39,219.56,36.175218036661505,0.2775892255892256,0.5,265.0
B,6,40,217.07,43.51235571650884,0.272996632996633,0.48,265.0
B,6,41,218.84,41.20502881930796,0.27554208754208753,0.52,265.0
B,6,42,216.86,44.4506512888169,0.28084848484848485,0.52,265.0
B,6,43,210.11,47.22370061738068,0.29244444444444445,0.58,265.0
B,6,44,214.6,37.698010557587786,0.2971178451178451,0.45,265.0
B,6,45,216.65,43.21906408056519,0.2865723905723906,0.53,265.0
B,6,46,218.17,40.3767395910071,0.2838787878787879,0.55,265.0
B,6,47,226.39,30.731382982221934,0.30435016835016837,0.54,265.0
B,6,48,223.02,36.46532051141194,0.3188417508417508,0.54,265.0
B,6,49,208.97,44.505832202083354,0.3234882154882155,0.54,265.0
B,6,50,207.16,52.43771924864773,0.33414141414141413,0.51,265.0
B,6,51,212.14,49.3169382666848,0.32606060606060605,0.52,265.0
B,6,52,213.92,44.157599572440525,0.31975757575757574,0.54,265.0
B,6,53,219.99,42.38313225801038,0.29338720538720536,0.53,265.0
B,6,54,220.31,36.40650903341324,0.3180875420875421,0.51,265.0
B,6,55,226.05,41.43196229965461,0.2656969696969697,0.59,265.0
B,6,56,218.67,43.917435034391524,0.2602962962962963,0.6,265.0
B,6,57,224.0,35.455606044742765,0.2767946127946128,0.55,265.0
B,6,58,216.02,41.96974624655241,0.26296296296296295,0.55,265.0
B,6,59,219.87,42.15060023297414,0.2379124579124579,0.57,265.0
B,6,60,227.66,35.43874151264404,0.2272996632996633,0.56,265.0
B,6,61,222.5,37.30455736233845,0.2707744107744108,0.54,265.0
B,6,62,222.96,35.0036912339256,0.25975757575757574,0.58,265.0
B,6,63,222.53,39.985611162016774,0.26394612794612793,0.61,265.0
B,6,64,217.08,40.29235163154417,0.2798653198653199,0.53,265.0
B,6,65,215.37,42.33146701922814,0.2952188552188552,0.42,265.0
B,6,66,222.69,35.69977450909179,0.2958922558922559,0.48,265.0
B,6,67,212.26,43.09515518013597,0.30308417508417507,0.47,265.0
B,6,68,224.12,34.90996419362242,0.26615488215488214,0.61,265.0
B,6,69,218.34,40.313327820957674,0.26865993265993265,0.55,265.0
B,6,70,219.83,36.41869162943666,0.27166329966329966,0.66,265.0
B,6,71,220.67,43.53321835104774,0.2565117845117845,0.49,265.0
B,6,72,217.37,36.766195071015986,0.2603771043771044,0.56,265.0
B,6,73,219.18,43.33206203263353,0.27016835016835017,0.51,265.0
B,6,74,218.32,46.84375732154713,0.2710841750841751,0.53,265.0
B,6,75,217.86,39.849220820487815,0.2833131313131313,0.54,265.0
B,6,76,220.52,42.826739310855785,0.29593265993265994,0.57,265.0
B,6,77,221.2,39.27390991485315,0.28024242424242424,0.54,265.0
B,6,78,215.25,43.80556471499939,0.3028148148148148,0.48,265.0
B,6,79,215.76,45.29461778180715,0.29488215488215486,0.55,265.0
B,6,80,222.06,33.61006396899595,0.2864646464646465,0.5,265.0
B,6,81,220.91,47.39875420303787,0.2910841750841751,0.56,265.0
B,6,82,220.21,43.28563156522034,0.2717710437710438,0.56,265.0
B,6,83,220.75,35.76237548038441,0.27186531986531987,0.6,265.0
B,6,84,227.33,34.00413357225853,0.2603097643097643,0.64,265.0
B,6,85,222.1,39.160311541150946,0.27474747474747474,0.61,265.0
B,6,86,222.14,37.503605160037615,0.2702760942760943,0.59,265.0
B,6,87,220.85,40.332710050280525,0.2748686868686869,0.59,265.0
B,6,88,220.71,39.08280824096447,0.26742087542087545,0.61,265.0
B,6,89,227.51,34.725925473628486,0.2745185185185185,0.66,265.0
B,6,90,220.96,44.404261056794994,0.2614949494949495,0.55,265.0
B,6,91,223.51,38.060345505525824,0.26203367003367,0.61,265.0
B,6,92,218.06,41.57422759354646,0.2642424242424242,0.57,265.0
B,6,93,218.35,42.63153175760871,0.273993265993266,0.49,265.0
B,6,94,231.33,31.59906802423135,0.25014141414141416,0.6,265.0
B,6,95,219.03,37.485318459364855,0.26517171717171717,0.49,265.0
B,6,96,221.98,35.8374050399858,0.2799326599326599,0.53,265.0
B,6,97,220.58,42.79957476424269,0.2735353535353535,0.64,265.0
B,6,98,217.51,41.81327420807895,0.2832996632996633,0.58,265.0
B,6,99,223.86,37.48813679019004,0.2770774410774411,0.64,265.0
B,6,100,220.12,46.71558198288874,0.2674747474747475,0.56,265.0
B,6,101,217.81,37.63474325673021,0.2644983164983165,0.58,265.0
B,6,102,215.74,42.335710694400774,0.2600808080808081,0.56,265.0
B,6,103,222.45,40.38474340639049,0.2653333333333333,0.53,265.0
B,6,104,215.33,41.5071210757865,0.2779124579124579,0.52,265.0
B,6,105,215.29,40.59268283816679,0.2964175084175084,0.57,265.0
B,6,106,213.15,37.80538982737779,0.3187878787878788,0.58,265.0
B,6,107,214.23,43.6258764954929,0.32701683501683504,0.57,265.0
B,6,108,213.5,37.69708211519825,0.32884848484848483,0.46,265.0
B,6,109,212.62,38.2637635367981,0.3274882154882155,0.49,265.0
B,6,110,216.16,43.73527637960002,0.32595286195286194,0.6,265.0
B,6,111,211.82,40.67932644476799,0.3228417508417508,0.49,265.0
B,6,112,204.58,44.97247602701012,0.30814814814814817,0.54,265.0
B,6,113,213.87,38.293773645333,0.29578451178451176,0.6,265.0
B,6,114,212.77,36.6722933561565,0.29348148148148145,0.55,265.0
B,6,115,216.55,42.99194692032451,0.3103838383838384,0.55,265.0
B,6,116,217.92,41.128014783113464,0.306989898989899,0.53,265.0
B,6,117,225.37,36.03793973023431,0.30533333333333335,0.56,265.0
B,6,118,211.97,47.22064273175451,0.3206464646464646,0.55,265.0
B,6,119,204.24,53.73604376952215,0.3378855218855219,0.48,265.0
B,6,120,215.82,41.41675506362129,0.3318249158249158,0.58,265.0
B,6,121,213.17,41.73417184993612,0.3317845117845118,0.53,265.0
B,6,122,217.7,36.303030176556895,0.3244848484848485,0.56,265.0
B,6,123,215.53,38.84390685809037,0.31762962962962965,0.54,265.0
B,6,124,211.15,46.88355255310757,0.3221010101010101,0.55,265.0
B,6,125,216.92,40.64472413487388,0.33144781144781144,0.61,265.0
B,6,126,215.45,41.87991762169549,0.33131313131313134,0.58,265.0
B,6,127,217.41,41.63438362699753,0.32375757575757574,0.59,265.0
B,6,128,223.35,34.1269321797316,0.30253198653198654,0.61,265.0
B,6,129,218.52,38.256105395086934,0.3004983164983165,0.49,265.0
B,6,130,217.93,46.572149402835166,0.31167676767676766,0.49,265.0
B,6,131,219.04,35.1177789730501,0.3263299663299663,0.56,265.0
B,6,132,214.77,42.08464209186054,0.32876767676767676,0.55,265.0
B,6,133,216.49,40.65894612505346,0.3354747474747475,0.57,265.0
B,6,134,217.15,37.2261668722419,0.3121885521885522,0.6,265.0
B,6,135,216.31,42.075098336189306,0.3198787878787879,0.61,265.0
B,6,136,216.29,36.66423188885866,0.3260875420875421,0.56,265.0
B,6,137,216.19,38.69720790961539,0.33111111111111113,0.51,265.0
B,6,138,214.01,34.98299444015621,0.31973063973063975,0.53,265.0
B,6,139,215.71,44.40637229047201,0.32506397306397306,0.58,265.0
B,6,140,221.79,36.38551772340198,0.31674074074074077,0.58,265.0
B,6,141,208.58,50.24185108054838,0.3396363636363636,0.38,265.0
B,6,142,208.2,45.03465332385717,0.32707070707070707,0.47,265.0
B,6,143,220.86,38.52973397260874,0.32055218855218853,0.54,265.0
B,6,144,218.14,45.277813551451445,0.3194074074074074,0.56,265.0
B,6,145,215.82,36.563747072749536,0.31663299663299665,0.58,265.0
B,6,146,217.19,34.478310573460526,0.30977777777777776,0.56,265.0
B,6,147,217.55,43.77473586442298,0.325993265993266,0.58,265.0
B,6,148,214.43,39.16305784792603,0.31886868686868686,0.53,265.0
B,6,149,217.32,46.134126197425694,0.31915151515151513,0.66,265.0
B,6,150,214.24,41.47676940167833,0.2932794612794613,0.57,265.0
B,6,151,221.64,40.23792241157587,0.2699393939393939,0.52,265.0
B,6,152,219.29,43.15606446375758,0.27076094276094276,0.6,265.0
B,6,153,229.09,32.27881503401263,0.23985185185185184,0.61,265.0
B,6,154,224.45,33.9556696296804,0.2590841750841751,0.55,265.0
B,6,155,224.94,35.49163845189455,0.2587878787878788,0.57,265.0
B,6,156,226.78,33.60285106951492,0.25621548821548823,0.58,265.0
B,6,157,225.46,37.44420382382299,0.250989898989899,0.46,265.0
B,6,158,213.05,39.97658689783308,0.2855622895622896,0.43,265.0
B,6,159,216.91,44.15112569346336,0.2804309764309764,0.58,265.0
B,6,160,221.0,37.85762802923606,0.26436363636363636,0.52,265.0
B,6,161,217.37,39.0895523126065,0.26316498316498316,0.55,265.0
B,6,162,213.5,41.96987014514102,0.2827070707070707,0.57,265.0
B,6,163,217.99,41.848654697612446,0.2767272727272727,0.55,265.0
B,6,164,217.58,44.61237048173971,0.267030303030303,0.51,265.0
B,6,165,224.99,30.985640222528886,0.2509494949494949,0.6,265.0
B,6,166,221.86,39.48823115815648,0.26896969696969697,0.46,265.0
B,6,167,221.32,43.697112032719055,0.2715824915824916,0.6,265.0
B,6,168,214.6,43.608256099046194,0.28185858585858586,0.63,265.0
B,6,169,224.06,41.44654871035706,0.2549494949494949,0.57,265.0
B,6,170,229.99,34.03982814292692,0.23327946127946128,0.56,265.0
B,6,171,222.29,40.47945034211804,0.23934006734006735,0.48,265.0
B,6,172,227.99,37.62326275059088,0.22736700336700336,0.52,265.0
B,6,173,218.46,43.394105590506186,0.23314478114478115,0.57,265.0
B,6,174,221.2,37.288872334786426,0.24086195286195286,0.58,265.0
B,6,175,225.31,32.31584595829111,0.24447138047138048,0.64,265.0
B,6,176,220.74,41.15084932294837,0.23874747474747474,0.64,265.0
B,6,177,227.83,32.65334745474038,0.24802693602693604,0.56,265.0
B,6,178,223.37,44.20218433516606,0.23617508417508418,0.54,265.0
B,6,179,228.0,38.16071278160302,0.19756228956228955,0.62,265.0
B,6,180,226.89,37.34217320938887,0.19698316498316498,0.59,265.0
B,6,181,218.55,55.14369864272798,0.214006734006734,0.65,265.0
B,6,182,224.68,38.19106701834868,0.23158249158249158,0.63,265.0
B,6,183,225.86,37.92598581447818,0.2572121212121212,0.65,265.0
B,6,184,221.38,38.09141110539225,0.28404040404040404,0.6,265.0
B,6,185,215.34,37.89939841211203,0.3008215488215488,0.53,265.0
B,6,186,219.68,35.553587723322664,0.2894006734006734,0.48,265.0
B,6,187,222.0,38.51597071345859,0.2918787878787879,0.56,265.0
B,6,188,217.87,38.868150200389,0.30374410774410776,0.6,265.0
B,6,189,225.17,32.233539985549214,0.29655218855218857,0.55,265.0
B,6,190,214.29,45.153581253318094,0.30098316498316496,0.48,265.0
B,6,191,212.61,42.27975756789531,0.3064915824915825,0.5,265.0
B,6,192,221.34,38.81835133026646,0.2726734006734007,0.52,265.0
B,6,193,217.73,37.4331016614974,0.2785050505050505,0.6,265.0
B,6,194,220.45,41.60081129016596,0.26521212121212123,0.58,265.0
B,6,195,216.84,39.71592124073165,0.27306397306397306,0.56,265.0
B,6,196,220.26,36.135472876385606,0.260983164983165,0.56,265.0
B,6,197,220.88,34.55380731554773,0.24983164983164982,0.56,265.0
B,6,198,213.7,50.883887430108956,0.2367946127946128,0.56,265.0
B,6,199,215.98,40.08565329391552,0.2523097643097643,0.6,265.0
B,6,200,218.18,45.2233081496699,0.2658989898989899,0.53,265.0
B,7,0,150.93,68.54549656979663,0.497993265993266,0.36,256.0
B,7,1,178.63,46.893209529738954,0.4864242424242424,0.47,256.0
B,7,2,192.27,37.72422431276752,0.4716767676767677,0.46,256.0
B,7,3,187.73,44.79282420209737,0.45796632996632997,0.53,262.0
B,7,4,198.59,48.62161967684746,0.44111784511784513,0.55,262.0
B,7,5,205.01,39.02191563724159,0.4295218855218855,0.51,263.0
B,7,6,212.72,42.34408577357646,0.3998922558922559,0.57,263.0
B,7,7,214.64,35.55151754848167,0.3819393939393939,0.59,263.0
B,7,8,211.0,47.90782817035228,0.3363905723905724,0.65,263.0
B,7,9,207.78,45.98947270843622,0.3455084175084175,0.57,263.0
B,7,10,212.75,40.341882702719765,0.37512457912457914,0.57,265.0
B,7,11,217.92,37.490980248587796,0.3491178451178451,0.56,265.0
B,7,12,207.68,42.2009194212638,0.3739124579124579,0.5,265.0
B,7,13,219.69,32.64741796834782,0.33160942760942763,0.54,265.0
B,7,14,217.53,42.03533156762297,0.3126060606060606,0.61,265.0
B,7,15,215.2,47.96602964599008,0.323003367003367,0.61,265.0
B,7,16,214.49,35.53012665330649,0.3296969696969697,0.45,265.0
B,7,17,213.24,44.688280342837096,0.2916632996632997,0.45,265.0
B,7,18,215.67,40.23904944205318,0.2948013468013468,0.43,265.0
B,7,19,216.5,36.36963018783666,0.3112053872053872,0.48,265.0
B,7,20,221.99,37.57725242749927,0.29303703703703704,0.55,265.0
B,7,21,213.87,41.00235481042522,0.2933737373737374,0.53,265.0
B,7,22,219.08,36.99018248130171,0.29795286195286197,0.55,265.0
B,7,23,222.7,42.3191446038315,0.266976430976431,0.6,265.0
B,7,24,230.65,35.680632001129126,0.263043771043771,0.56,265.0
B,7,25,227.81,29.859569655304817,0.25696969696969696,0.57,265.0
B,7,26,227.41,37.46253995660198,0.264,0.56,265.0
B,7,27,222.57,47.77515149112559,0.2510976430976431,0.51,265.0
B,7,28,223.43,39.821163970933846,0.24604713804713804,0.57,265.0
B,7,29,223.73,43.93059412300271,0.22181818181818183,0.6,265.0
B,7,30,218.91,45.075069606158124,0.24875420875420876,0.52,265.0
B,7,31,218.13,47.93050281397014,0.23773737373737375,0.59,265.0
B,7,32,223.24,43.171314550289054,0.24211447811447812,0.55,265.0
B,7,33,221.5,40.745674617068254,0.2305858585858586,0.52,265.0
B,7,34,216.15,41.13523428886725,0.24645117845117845,0.51,265.0
B,7,35,219.21,38.96595821996426,0.23995959595959596,0.52,265.0
B,7,36,216.48,39.56348821830552,0.26204713804713803,0.5,265.0
B,7,37,227.91,32.22238197278407,0.2684309764309764,0.53,265.0
B,7,38,217.36,45.6538103557633,0.28005387205387205,0.48,265.0
B,7,39,223.21,37.40703008793935,0.250989898989899,0.49,265.0
B,7,40,221.55,42.35572570503308,0.23567676767676768,0.48,265.0
B,7,41,220.92,41.57804228195455,0.2663434343434343,0.61,265.0
B,7,42,216.8,43.88211480774372,0.2826127946127946,0.51,265.0
B,7,43,223.78,35.386319390408495,0.2725252525252525,0.64,265.0
B,7,44,225.17,35.883159002518155,0.2571851851851852,0.64,265.0
B,7,45,218.34,37.99110948629956,0.26212794612794615,0.6,265.0
B,7,46,222.64,36.674110759498994,0.27745454545454545,0.55,265.0
B,7,47,217.51,48.6981508889198,0.28674747474747475,0.57,265.0
B,7,48,216.29,44.91242478423983,0.3143838383838384,0.58,265.0
B,7,49,222.95,38.81040453280537,0.27330639730639733,0.59,265.0
B,7,50,223.58,43.02608046290063,0.25457239057239056,0.51,265.0
B,7,51,225.04,35.35390218915021,0.239986531986532,0.56,265.0
B,7,52,220.51,47.414870030402916,0.2481077441077441,0.58,265.0
B,7,53,225.01,36.80937244778834,0.25043771043771046,0.59,265.0
B,7,54,227.08,33.80966725657027,0.2519057239057239,0.5,265.0
B,7,55,214.37,47.49497973470459,0.23435690235690235,0.48,265.0
B,7,56,224.47,43.67710040742174,0.2394882154882155,0.54,265.0
B,7,57,223.88,34.4021162139773,0.23692929292929293,0.6,265.0
B,7,58,227.1,36.51479152343608,0.2468013468013468,0.63,265.0
B,7,59,230.32,34.157540895093724,0.23635016835016834,0.66,265.0
B,7,60,219.79,43.19034498588776,0.2596094276094276,0.57,265.0
B,7,61,224.96,36.12199330048108,0.27225589225589225,0.54,265.0
B,7,62,218.37,42.08602024425688,0.2737373737373737,0.46,265.0
B,7,63,227.54,39.2816547512958,0.25587878787878787,0.58,265.0
B,7,64,222.39,48.34891829193286,0.261010101010101,0.65,265.0
B,7,65,228.88,36.49391182101474,0.24665319865319865,0.62,265.0
B,7,66,226.44,36.88721187620447,0.24643771043771043,0.59,265.0
B,7,67,223.02,38.51778290608119,0.24836363636363637,0.57,265.0
B,7,68,228.58,39.53989883649173,0.22962962962962963,0.67,265.0
B,7,69,223.12,40.41961899869913,0.22305723905723907,0.57,265.0
B,7,70,234.45,28.052584551160344,0.20445791245791245,0.56,265.0
B,7,71,229.99,45.49098701940858,0.2072996632996633,0.5,265.0
B,7,72,223.97,40.96692690451653,0.21484175084175083,0.53,265.0
B,7,73,225.08,38.249883659953795,0.23636363636363636,0.63,265.0
B,7,74,225.13,33.11847067725199,0.27463973063973063,0.6,265.0
B,7,75,222.22,41.156185440344196,0.24822895622895622,0.51,265.0
B,7,76,229.0,30.002666548158683,0.25344107744107747,0.6,265.0
B,7,77,222.33,37.41257943526481,0.28274747474747475,0.64,265.0
B,7,78,217.03,44.53390955216036,0.28553535353535353,0.58,265.0
B,7,79,215.68,46.54242795557619,0.2763097643097643,0.51,265.0
B,7,80,223.21,32.25811370802701,0.24584511784511784,0.51,265.0
B,7,81,221.56,36.67051131358819,0.24164309764309763,0.54,265.0
B,7,82,217.86,42.600943651520204,0.2822895622895623,0.52,265.0
B,7,83,216.01,43.83343358670411,0.29123232323232323,0.6,265.0
B,7,84,219.25,40.079015706476625,0.2813872053872054,0.58,265.0
B,7,85,223.05,34.13952987374021,0.2705050505050505,0.59,265.0
B,7,86,220.97,33.96747120407994,0.28553535353535353,0.56,265.0
B,7,87,216.74,45.34349346929501,0.3033939393939394,0.56,265.0
B,7,88,221.62,32.522847353821895,0.28964309764309765,0.45,265.0
B,7,89,220.14,34.448808397388724,0.28204713804713805,0.58,265.0
B,7,90,213.76,40.20475593757535,0.30517171717171715,0.4,265.0
B,7,91,218.75,46.7237359379577,0.30756902356902355,0.48,265.0
B,7,92,219.84,40.683343028812175,0.28033670033670033,0.62,265.0
B,7,93,220.47,35.486463616427045,0.2637845117845118,0.57,265.0
B,7,94,221.68,35.60446039473145,0.2711245791245791,0.6,265.0
B,7,95,222.59,41.335963760386676,0.23707744107744108,0.64,265.0
B,7,96,226.49,34.27812567804722,0.25995959595959595,0.57,265.0
B,7,97,215.99,35.91754306742041,0.2785858585858586,0.55,265.0
B,7,98,213.4,41.810764164267546,0.29924579124579126,0.6,265.0
B,7,99,221.63,34.69514519352816,0.27644444444444444,0.55,265.0
B,7,100,225.13,33.17850358289235,0.29524579124579126,0.62,265.0
B,7,101,221.18,38.34172140110561,0.29622895622895623,0.59,265.0
B,7,102,224.36,30.228635430664085,0.28164309764309764,0.63,265.0
B,7,103,224.65,40.884318509668226,0.25396632996632995,0.58,265.0
B,7,104,224.61,39.554998419921596,0.25837037037037036,0.64,265.0
B,7,105,229.02,30.86032404236871,0.22972390572390572,0.62,265.0
B,7,106,220.13,40.73515803332547,0.23213468013468014,0.57,265.0
B,7,107,219.91,44.120084995385035,0.2409023569023569,0.64,265.0
B,7,108,221.17,35.95081501162387,0.24367676767676769,0.63,265.0
B,7,109,217.4,48.32825260652407,0.23244444444444445,0.6,265.0
B,7,110,232.29,26.775845458173677,0.21408754208754208,0.63,265.0
B,7,111,223.92,43.73823956219547,0.19835690235690237,0.63,265.0
B,7,112,223.58,36.591031688106305,0.21325252525252525,0.6,265.0
B,7,113,219.3,46.29676014582446,0.2351111111111111,0.54,265.0
B,7,114,224.28,34.259912434213845,0.24719191919191918,0.55,265.0
B,7,115,222.24,40.30561251240328,0.26017508417508417,0.56,265.0
B,7,116,226.51,38.54957717018437,0.23595959595959595,0.59,265.0
B,7,117,223.21,35.00922592688962,0.23377777777777778,0.56,265.0
B,7,118,220.31,37.40392893801398,0.25613468013468016,0.63,265.0
B,7,119,219.29,45.76183890535869,0.2753131313131313,0.45,265.0
B,7,120,221.34,43.53325625312216,0.2515959595959596,0.55,265.0
B,7,121,216.79,40.00432351634008,0.27256565656565657,0.58,265.0
B,7,122,217.29,43.14957589594595,0.293010101010101,0.56,265.0
B,7,123,220.43,36.68848729506301,0.2802289562289562,0.55,265.0
B,7,124,224.7,35.612778605438805,0.2717306397306397,0.52,265.0
B,7,125,223.8,39.53580655557694,0.2729023569023569,0.56,265.0
B,7,126,224.53,37.566861726793206,0.25226936026936025,0.56,265.0
B,7,127,220.64,39.45466258885,0.2461010101010101,0.62,265.0
B,7,128,221.23,42.08250349016798,0.2496969696969697,0.65,265.0
B,7,129,231.33,37.45719023098236,0.24604713804713804,0.62,265.0
B,7,130,223.35,43.17114198165251,0.24797306397306398,0.62,265.0
B,7,131,225.68,39.54285776218001,0.22607407407407407,0.59,265.0
B,7,132,223.28,35.09190219979533,0.23521885521885522,0.56,265.0
B,7,133,227.05,40.95763054670033,0.22542760942760942,0.59,265.0
B,7,134,227.88,39.47563299049174,0.19622895622895623,0.57,265.0
B,7,135,226.12,41.531260515423796,0.19764309764309765,0.56,265.0
B,7,136,231.93,36.498562985410814,0.18995286195286196,0.61,265.0
B,7,137,226.5,32.91610548044832,0.19287542087542087,0.54,265.0
B,7,138,221.45,41.390669238368204,0.20763636363636365,0.51,265.0
B,7,139,222.05,40.366663225983885,0.2305185185185185,0.62,265.0
B,7,140,221.0,42.68067478379413,0.23476094276094275,0.6,265.0
B,7,141,225.92,36.21095966692957,0.22785185185185186,0.71,265.0
B,7,142,219.1,37.6676253565313,0.2502491582491583,0.59,265.0
B,7,143,225.44,41.48332677112577,0.23434343434343435,0.54,265.0
B,7,144,223.62,42.557438832711725,0.24254545454545454,0.49,265.0
B,7,145,221.22,42.31609150193339,0.2443771043771044,0.51,265.0
B,7,146,220.45,41.13620667976084,0.24445791245791246,0.53,265.0
B,7,147,223.32,41.83631914975312,0.25372390572390574,0.59,265.0
B,7,148,216.97,44.25504603997153,0.26156228956228955,0.57,265.0
B,7,149,223.77,37.52941646228995,0.2535084175084175,0.6,265.0
B,7,150,225.34,35.533426516450675,0.25315824915824914,0.6,265.0
B,7,151,222.92,40.88365932741344,0.2635420875420875,0.57,265.0
B,7,152,214.49,44.795199519591385,0.2663299663299663,0.56,265.0
B,7,153,225.8,38.74609657759088,0.2432053872053872,0.64,265.0
B,7,154,226.24,37.90069128657154,0.23764309764309766,0.61,265.0
B,7,155,227.44,40.47130341365348,0.24134680134680134,0.6,265.0
B,7,156,213.57,42.40996463096851,0.24631649831649832,0.58,265.0
B,7,157,212.48,47.293652851096205,0.28495622895622896,0.57,265.0
B,7,158,218.25,43.58035681359206,0.2788148148148148,0.54,265.0
B,7,159,220.46,38.42432042339851,0.2861683501683502,0.61,265.0
B,7,160,215.58,40.36339430721851,0.28383838383838383,0.56,265.0
B,7,161,217.05,37.442589386953465,0.2888619528619529,0.52,265.0
B,7,162,211.44,46.724152212747526,0.3157845117845118,0.53,265.0
B,7,163,213.98,47.5497592002315,0.29119191919191917,0.55,265.0
B,7,164,224.0,33.37903533657017,0.2614410774410774,0.52,265.0
B,7,165,218.66,38.26988894679471,0.2727946127946128,0.56,265.0
B,7,166,221.64,36.000144444154664,0.2816161616161616,0.6,265.0
B,7,167,216.7,40.43946092617952,0.29513804713804714,0.6,265.0
B,7,168,217.58,42.17159707670555,0.2705723905723906,0.58,265.0
B,7,169,227.74,32.88818024762087,0.25395286195286193,0.61,265.0
B,7,170,229.11,34.03113133588127,0.23594612794612796,0.56,265.0
B,7,171,218.87,45.1332815115409,0.240996632996633,0.53,265.0
B,7,172,220.7,37.859609084088554,0.22957575757575757,0.54,265.0
B,7,173,230.19,33.30396222673813,0.21781818181818183,0.57,265.0
B,7,174,228.45,35.09768510885013,0.23186531986531986,0.61,265.0
B,7,175,219.48,48.6422614605859,0.21744107744107743,0.56,265.0
B,7,176,216.31,40.28813597077929,0.2249158249158249,0.54,265.0
B,7,177,219.77,38.30270355993164,0.23826262626262626,0.57,265.0
B,7,178,223.62,37.97546049753709,0.25311784511784513,0.63,265.0
B,7,179,214.41,40.94022349719161,0.2776161616161616,0.62,265.0
B,7,180,223.6,31.870989943834502,0.2771178451178451,0.52,265.0
B,7,181,210.32,48.174449659544635,0.29585185185185187,0.52,265.0
B,7,182,211.18,43.97826281243951,0.3075016835016835,0.45,265.0
B,7,183,213.98,38.65022121540833,0.31656565656565655,0.41,265.0
B,7,184,213.04,34.01026903745397,0.31963636363636366,0.41,265.0
B,7,185,207.72,43.17084201170971,0.3581144781144781,0.45,265.0
B,7,186,213.56,45.761844368425535,0.3318922558922559,0.52,265.0
B,7,187,218.48,38.19253330168084,0.33072053872053875,0.55,265.0
B,7,188,216.41,44.52102761617256,0.30634343434343436,0.58,265.0
B,7,189,219.95,38.50672019271441,0.2851043771043771,0.45,265.0
B,7,190,216.2,50.5143543955577,0.3003232323232323,0.55,265.0
B,7,191,214.67,41.023908882504124,0.2827744107744108,0.46,265.0
B,7,192,218.83,38.0657470700366,0.26956228956228956,0.56,265.0
B,7,193,225.68,34.101870916417475,0.241979797979798,0.58,265.0
B,7,194,224.43,37.59155623274993,0.24514478114478114,0.55,265.0
B,7,195,227.97,32.500293844825464,0.25232323232323234,0.61,265.0
B,7,196,216.83,42.304622678851544,0.24681481481481482,0.54,265.0
B,7,197,225.77,38.1349852497677,0.2575488215488215,0.59,265.0
B,7,198,222.82,38.415981049558,0.24593939393939393,0.58,265.0
B,7,199,220.32,42.57484703436995,0.266006734006734,0.6,265.0
B,7,200,227.25,35.533188711400506,0.24905050505050505,0.61,265.0
B,8,0,146.53,70.08444263886244,0.5018585858585859,0.44,249.0
B,8,1,186.55,46.66998500106894,0.4863973063973064,0.59,256.0
B,8,2,196.21,43.115262958724955,0.4669225589225589,0.5,256.0
B,8,3,196.26,46.10978637989988,0.45854545454545453,0.49,260.0
B,8,4,194.12,43.913159758778455,0.4352861952861953,0.42,260.0
B,8,5,203.72,41.971676163813136,0.43294276094276096,0.52,260.0
B,8,6,203.4,42.62745594097776,0.3950841750841751,0.56,261.0
B,8,7,205.14,43.388943292041574,0.38045791245791244,0.56,261.0
B,8,8,217.27,33.58804995828129,0.3598922558922559,0.49,263.0
B,8,9,205.85,44.87056384758275,0.36278787878787877,0.45,263.0
B,8,10,198.35,46.08869167160205,0.37345454545454543,0.51,263.0
B,8,11,198.81,45.231558673121135,0.38921212121212123,0.47,263.0
B,8,12,208.89,34.41537301846371,0.38393265993265996,0.51,263.0
B,8,13,212.34,35.03718596006249,0.3852390572390572,0.51,263.0
B,8,14,205.55,45.02385478832304,0.37486868686868685,0.59,263.0
B,8,15,208.74,44.79879909104707,0.34785185185185186,0.61,263.0
B,8,16,209.54,40.77852866399179,0.36548148148148146,0.51,263.0
B,8,17,213.17,39.286907488373274,0.35605387205387207,0.58,265.0
B,8,18,199.37,60.45306526554299,0.35663299663299664,0.51,265.0
B,8,19,210.11,41.98473413039554,0.3563097643097643,0.52,265.0
B,8,20,208.87,44.24740783367993,0.35443771043771044,0.48,265.0
B,8,21,213.97,39.26587704356035,0.34829629629629627,0.53,265.0
B,8,22,214.78,47.00565497894908,0.3536161616161616,0.53,265.0
B,8,23,211.81,35.86019938594876,0.35469360269360267,0.53,265.0
B,8,24,209.1,50.72859154362557,0.34905050505050506,0.58,265.0
B,8,25,209.83,44.26873727586998,0.343016835016835,0.56,265.0
B,8,26,211.13,47.167500463772726,0.3242424242424242,0.59,265.0
B,8,27,215.47,34.782310159044926,0.3054006734006734,0.54,265.0
B,8,28,220.78,37.53520480828631,0.2844848484848485,0.51,265.0
B,8,29,217.36,50.136916538614535,0.2825185185185185,0.53,265.0
B,8,30,217.1,44.48561565270284,0.27364309764309763,0.56,265.0
B,8,31,223.23,39.551954439698676,0.2802962962962963,0.64,265.0
B,8,32,224.5,41.64360695232823,0.2666936026936027,0.6,265.0
B,8,33,219.12,36.78757398905233,0.26022895622895625,0.63,265.0
B,8,34,217.32,48.748513823500296,0.29063973063973064,0.62,265.0
B,8,35,229.06,30.525012694510053,0.2652390572390572,0.67,265.0
B,8,36,226.42,33.059697518277446,0.2533063973063973,0.58,265.0
B,8,37,222.89,38.03574503016866,0.25423569023569026,0.54,265.0
B,8,38,217.58,43.619532322114594,0.2695353535353535,0.6,265.0
B,8,39,216.18,37.99641562042399,0.2692390572390572,0.6,265.0
B,8,40,222.71,35.69181839021374,0.24868686868686868,0.6,265.0
B,8,41,218.75,48.879111080296866,0.2786262626262626,0.57,265.0
B,8,42,220.93,42.23393303967794,0.25562289562289564,0.51,265.0
B,8,43,217.41,46.19136174654304,0.23574410774410776,0.56,265.0
B,8,44,224.03,39.83502353457319,0.2501010101010101,0.68,265.0
B,8,45,213.57,41.425174712968925,0.2657777777777778,0.63,265.0
B,8,46,213.41,42.215659416856205,0.2773737373737374,0.57,265.0
B,8,47,215.68,39.2985699485363,0.31286195286195284,0.62,265.0
B,8,48,212.1,44.1998868776833,0.3228013468013468,0.66,265.0
B,8,49,217.61,39.754721732141455,0.30078114478114476,0.57,265.0
B,8,50,210.36,43.44134436225472,0.3255892255892256,0.53,265.0
B,8,51,214.32,32.27472075789347,0.3222087542087542,0.51,265.0
B,8,52,212.77,36.24330420919153,0.33020875420875423,0.54,265.0
B,8,53,210.53,46.3092766084723,0.3383838383838384,0.5,265.0
B,8,54,221.69,38.73336933446405,0.30577777777777776,0.56,265.0
B,8,55,224.44,39.70876981222158,0.2902087542087542,0.55,265.0
B,8,56,222.05,42.18563144010054,0.2648080808080808,0.51,265.0
B,8,57,211.17,47.73343796543467,0.2845791245791246,0.53,265.0
B,8,58,222.94,37.804449473573875,0.2592457912457912,0.43,265.0
B,8,59,223.59,36.51988362522531,0.2435959595959596,0.46,265.0
B,8,60,221.72,37.30632118019679,0.2298181818181818,0.51,265.0
B,8,61,224.79,34.448017359494,0.23344107744107745,0.58,265.0
B,8,62,228.28,31.382504680155787,0.24538720538720538,0.64,265.0
B,8,63,221.34,44.56595561636708,0.27555555555555555,0.56,265.0
B,8,64,217.62,38.577138307552055,0.2848215488215488,0.47,265.0
B,8,65,218.23,41.832010470451934,0.27793939393939393,0.55,265.0
B,8,66,222.44,37.49701854814593,0.26637037037037037,0.51,265.0
B,8,67,219.43,41.393780933855275,0.2746127946127946,0.53,265.0
B,8,68,224.99,31.52538500954429,0.2780740740740741,0.63,265.0
B,8,69,228.82,39.74377435523707,0.2502491582491583,0.63,265.0
B,8,70,224.82,40.303940254024795,0.24984511784511784,0.55,265.0
B,8,71,225.22,33.14440525940992,0.28363636363636363,0.48,265.0
B,8,72,211.32,43.4573077859179,0.2995690235690236,0.53,265.0
B,8,73,214.84,36.20958988997252,0.31682154882154884,0.55,265.0
B,8,74,220.06,34.10654482646989,0.2981952861952862,0.53,265.0
B,8,75,211.26,46.61086139517269,0.2861279461279461,0.55,265.0
B,8,76,221.44,33.44497570637479,0.2890774410774411,0.58,265.0
B,8,77,219.31,39.49650490866249,0.28674747474747475,0.52,265.0
B,8,78,214.97,44.36269942192427,0.2968619528619529,0.54,265.0
B,8,79,208.38,48.077183777754705,0.2958653198653199,0.47,265.0
B,8,80,211.28,56.30294486081523,0.28515824915824917,0.53,265.0
B,8,81,209.88,45.547838587577345,0.296956228956229,0.52,265.0
B,8,82,216.85,38.32658998658764,0.29897643097643095,0.55,265.0
B,8,83,216.34,35.77547204440495,0.29473400673400674,0.58,265.0
B,8,84,215.75,37.632798195191384,0.32891582491582494,0.57,265.0
B,8,85,217.78,38.579937791551714,0.3289292929292929,0.57,265.0
B,8,86,210.22,42.86317300434022,0.31977104377104376,0.57,265.0
B,8,87,211.11,43.87115111323157,0.3371986531986532,0.55,265.0
B,8,88,213.08,43.99424507819175,0.31777777777777777,0.48,265.0
B,8,89,217.44,34.16557331583944,0.29977104377104374,0.46,265.0
B,8,90,220.51,32.03357457418701,0.3148013468013468,0.59,265.0
B,8,91,217.57,41.46546876619147,0.3116094276094276,0.56,265.0
B,8,92,216.15,38.027457185565275,0.2857777777777778,0.49,265.0
B,8,93,207.38,47.78237750468262,0.3135488215488215,0.48,265.0
B,8,94,212.94,39.22367142428154,0.3188821548821549,0.47,265.0
B,8,95,217.83,36.326314153792154,0.3321346801346801,0.5,265.0
B,8,96,211.21,42.36137273507553,0.3438922558922559,0.54,265.0
B,8,97,209.86,45.56117206569647,0.34544107744107744,0.55,265.0
B,8,98,212.83,43.40554227284806,0.3477845117845118,0.52,265.0
B,8,99,213.77,39.275400698146925,0.3328350168350168,0.58,265.0
B,8,100,217.29,32.49993692301571,0.33076094276094276,0.59,265.0
B,8,101,220.32,36.96454517507283,0.3407946127946128,0.6,265.0
B,8,102,222.29,31.433515552670848,0.33096296296296296,0.58,265.0
B,8,103,210.27,42.88562812877993,0.3341818181818182,0.53,265.0
B,8,104,215.21,40.53154203826941,0.33750841750841754,0.53,265.0
B,8,105,214.84,39.604979484908206,0.3418316498316498,0.57,265.0
B,8,106,215.79,46.64982207897475,0.33256565656565656,0.56,265.0
B,8,107,223.91,33.095949903273656,0.31026262626262624,0.54,265.0
B,8,108,218.11,46.57336041129091,0.323043771043771,0.63,265.0
B,8,109,215.78,43.875409969594585,0.2985589225589226,0.51,265.0
B,8,110,216.04,39.74667784859509,0.29874747474747476,0.51,265.0
B,8,111,218.26,32.234335730708025,0.30556228956228954,0.52,265.0
B,8,112,219.36,34.07947182689309,0.29675420875420877,0.6,265.0
B,8,113,228.25,26.115656223805672,0.2784915824915825,0.58,265.0
B,8,114,224.17,32.48139621383293,0.29608080808080806,0.5,265.0
B,8,115,225.43,31.02684482830956,0.3045521885521886,0.55,265.0
B,8,116,215.65,38.544357563721306,0.30254545454545456,0.46,265.0
B,8,117,218.57,44.52869973399178,0.31822222222222224,0.58,265.0
B,8,118,218.06,35.57128617297946,0.3457239057239057,0.48,265.0
B,8,119,211.32,41.56221360803584,0.3333198653198653,0.51,265.0
B,8,120,212.61,43.08036559733447,0.33185185185185184,0.54,265.0
B,8,121,214.86,44.536955441520696,0.34024242424242424,0.57,265.0
B,8,122,222.73,31.92831188772748,0.33806060606060606,0.46,265.0
B,8,123,215.03,40.24585817199081,0.32154882154882153,0.46,265.0
B,8,124,215.64,47.410024256479765,0.3110976430976431,0.49,265.0
B,8,125,215.12,37.0505816418582,0.3292794612794613,0.57,265.0
B,8,126,218.74,45.16782483139962,0.307986531986532,0.57,265.0
B,8,127,221.44,38.951077006932685,0.2999057239057239,0.56,265.0
B,8,128,218.8,37.37378760575385,0.2971717171717172,0.66,265.0
B,8,129,218.31,42.82235280785025,0.28689562289562287,0.54,265.0
B,8,130,223.69,35.67035043281745,0.259986531986532,0.61,265.0
B,8,131,231.16,31.132850817103147,0.24065993265993266,0.62,265.0
B,8,132,224.93,38.18226158833445,0.23494949494949494,0.52,265.0
B,8,133,225.0,31.05028180226389,0.23066666666666666,0.54,265.0
B,8,134,220.84,39.791888620672424,0.24662626262626264,0.53,265.0
B,8,135,214.28,43.16273392638608,0.2750707070707071,0.55,265.0
B,8,136,212.12,42.99076179832127,0.3130909090909091,0.49,265.0
B,8,137,214.37,39.19914667438566,0.30354208754208756,0.54,265.0
B,8,138,219.46,40.922956882415036,0.302006734006734,0.57,265.0
B,8,139,223.11,34.09688988749561,0.2736296296296296,0.67,265.0
B,8,140,217.3,42.298817950387225,0.2812255892255892,0.61,265.0
B,8,141,217.32,37.2821351319905,0.29762962962962963,0.59,265.0
B,8,142,221.47,34.34107016387229,0.317010101010101,0.57,265.0
B,8,143,210.51,38.22969918793502,0.33814141414141413,0.52,265.0
B,8,144,203.26,48.08858908306626,0.33434343434343433,0.57,265.0
B,8,145,213.43,42.23156520897609,0.3312996632996633,0.59,265.0
B,8,146,217.14,37.985792080724075,0.30257239057239055,0.59,265.0
B,8,147,219.67,31.628801747774133,0.29563636363636364,0.45,265.0
B,8,148,213.22,41.02281804069535,0.28206060606060607,0.57,265.0
B,8,149,208.03,48.527405659070624,0.2884983164983165,0.53,265.0
B,8,150,220.13,43.909373714504284,0.2634074074074074,0.56,265.0
B,8,151,228.56,35.60289875838764,0.24956228956228957,0.57,265.0
B,8,152,227.21,31.85884335628021,0.2581010101010101,0.61,265.0
B,8,153,224.0,35.32138162643132,0.2414006734006734,0.62,265.0
B,8,154,222.85,45.24872926392519,0.22196632996632998,0.6,265.0
B,8,155,219.9,40.204104268096806,0.2520942760942761,0.59,265.0
B,8,156,223.9,41.518790926519046,0.24385185185185185,0.54,265.0
B,8,157,224.74,36.68231726595254,0.2512861952861953,0.59,265.0
B,8,158,218.26,38.875087138166,0.2541952861952862,0.45,265.0
B,8,159,220.16,43.06430540482454,0.2531447811447812,0.5,265.0
B,8,160,221.1,43.241993478562016,0.24957575757575756,0.56,265.0
B,8,161,222.05,36.502979330460136,0.24608754208754208,0.54,265.0
B,8,162,224.58,34.74224517788106,0.252983164983165,0.52,265.0
B,8,163,227.68,36.25848314532752,0.24232996632996634,0.57,265.0
B,8,164,221.06,38.29486127406653,0.2586127946127946,0.58,265.0
B,8,165,220.85,38.379779832614986,0.2736026936026936,0.53,265.0
B,8,166,220.65,40.17645454740873,0.2759191919191919,0.51,265.0
B,8,167,217.38,40.56372270884417,0.27490909090909094,0.55,265.0
B,8,168,220.04,38.62846618751514,0.2568484848484848,0.52,265.0
B,8,169,219.26,43.955345522473145,0.2502491582491583,0.54,265.0
B,8,170,215.09,43.53322753943245,0.276969696969697,0.52,265.0
B,8,171,217.15,40.56288328016143,0.2882693602693603,0.59,265.0
B,8,172,216.35,40.8307176032947,0.2767138047138047,0.5,265.0
B,8,173,218.71,40.34111922096361,0.2700875420875421,0.5,265.0
B,8,174,213.07,50.353799260830364,0.2713804713804714,0.51,265.0
B,8,175,218.38,38.031770929053515,0.2884040404040404,0.58,265.0
B,8,176,224.09,35.205424297968634,0.2793131313131313,0.52,265.0
B,8,177,219.6,40.75144169228862,0.2538047138047138,0.5,265.0
B,8,178,220.48,40.245367435271355,0.269979797979798,0.5,265.0
B,8,179,219.47,37.98538008234221,0.2625993265993266,0.49,265.0
B,8,180,219.31,46.4412952015768,0.27605387205387205,0.52,265.0
B,8,181,227.15,32.606556089228434,0.2498989898989899,0.54,265.0
B,8,182,215.15,42.610650077181404,0.26395959595959595,0.52,265.0
B,8,183,215.65,47.63053117486724,0.268040404040404,0.58,265.0
B,8,184,225.27,34.55860384911404,0.2343030303030303,0.64,265.0
B,8,185,224.05,44.4300292594997,0.22843097643097643,0.68,265.0
B,8,186,220.08,38.18027763125879,0.24821548821548822,0.63,265.0
B,8,187,215.01,47.67944945151947,0.26181818181818184,0.53,265.0
B,8,188,219.31,41.74726218568111,0.26766329966329966,0.56,265.0
B,8,189,218.47,42.67492355001939,0.26965656565656565,0.61,265.0
B,8,190,221.24,36.816061712247276,0.2751380471380471,0.58,265.0
B,8,191,221.8,36.67887675488441,0.275016835016835,0.56,265.0
B,8,192,218.67,42.25803000614203,0.30576430976430974,0.6,265.0
B,8,193,218.4,41.00292672480832,0.3029090909090909,0.65,265.0
B,8,194,218.26,40.23496489373391,0.2861683501683502,0.57,265.0
B,8,195,220.12,38.958767947664874,0.29178451178451176,0.66,265.0
B,8,196,224.83,31.453157234211005,0.2938181818181818,0.61,265.0
B,8,197,222.72,33.24096268160716,0.2976161616161616,0.57,265.0
B,8,198,213.86,41.324815789063116,0.3032188552188552,0.56,265.0
B,8,199,217.29,40.767951873990434,0.2849158249158249,0.6,265.0
B,8,200,219.36,39.22053543744654,0.30863299663299665,0.57,265.0
B,9,0,146.92,76.67694307938991,0.5001346801346801,0.32,243.0
B,9,1,200.21,32.91209352198671,0.48863299663299664,0.54,261.0
B,9,2,194.59,41.54084616374587,0.4670976430976431,0.54,261.0
B,9,3,196.33,42.980473473427445,0.45915151515151514,0.55,261.0
B,9,4,202.85,37.60036568971105,0.46300336700336703,0.6,261.0
B,9,5,200.29,47.40807842551731,0.45121885521885524,0.58,261.0
B,9,6,199.84,45.61090220550346,0.4207272727272727,0.47,261.0
B,9,7,199.81,42.69981147499366,0.4197171717171717,0.52,261.0
B,9,8,214.91,36.02751587328773,0.4155016835016835,0.61,261.0
B,9,9,202.31,46.956723693205,0.418006734006734,0.47,261.0
B,9,10,198.61,43.89280009295374,0.40056565656565657,0.48,265.0
B,9,11,203.12,45.43705096064224,0.4054276094276094,0.52,265.0
B,9,12,211.5,34.09618747015566,0.39124579124579123,0.47,265.0
B,9,13,207.68,40.044695029429306,0.38616835016835016,0.43,265.0
B,9,14,211.1,43.086308730268364,0.38871380471380473,0.51,265.0
B,9,15,207.51,44.373752376827454,0.38176430976430975,0.58,265.0
B,9,16,218.08,34.86450343831101,0.36997979797979796,0.56,265.0
B,9,17,209.83,48.741574656549616,0.37715824915824914,0.57,265.0
B,9,18,218.88,35.19041915067225,0.3455892255892256,0.57,265.0
B,9,19,210.81,44.420422105153385,0.328,0.56,265.0
B,9,20,213.03,42.46703545104132,0.32452525252525255,0.45,265.0
B,9,21,214.27,38.241300971593525,0.32065993265993264,0.39,265.0
B,9,22,219.2,36.462583561782886,0.31063973063973066,0.51,265.0
B,9,23,214.5,42.06982291381793,0.29414141414141415,0.42,265.0
B,9,24,221.93,32.03006556346709,0.28783838383838384,0.42,265.0
B,9,25,225.45,30.574621829223005,0.29857239057239054,0.6,265.0
B,9,26,213.91,42.10394162070815,0.3218451178451178,0.54,265.0
B,9,27,215.11,51.107904476704974,0.30676094276094273,0.57,265.0
B,9,28,211.34,45.57591908014582,0.31997306397306396,0.54,265.0
B,9,29,212.72,40.78114270100827,0.3367272727272727,0.49,265.0
B,9,30,216.36,36.26445091270513,0.3476094276094276,0.51,265.0
B,9,31,213.2,37.758707605001526,0.3696565656565657,0.54,265.0
B,9,32,216.5,35.55713711760271,0.3464242424242424,0.52,265.0
B,9,33,205.04,46.88814775612277,0.3394074074074074,0.42,265.0
B,9,34,210.71,45.46851548049485,0.337979797979798,0.44,265.0
B,9,35,215.55,37.36800101691286,0.34864646464646465,0.45,265.0
B,9,36,207.17,50.191643726819706,0.35338720538720536,0.49,265.0
B,9,37,211.93,44.58996636015775,0.35659259259259257,0.52,265.0
B,9,38,217.04,34.79221752058929,0.3308282828282828,0.49,265.0
B,9,39,209.99,46.30950118496204,0.3454141414141414,0.48,265.0
B,9,40,212.05,43.253294672198095,0.33525925925925926,0.49,265.0
B,9,41,217.23,41.07160941575093,0.2983703703703704,0.58,265.0
B,9,42,219.77,45.51260374885182,0.2719326599326599,0.54,265.0
B,9,43,225.57,35.71365425156043,0.23564983164983164,0.53,265.0
B,9,44,225.33,36.25825561165347,0.2374006734006734,0.52,265.0
B,9,45,218.85,43.099506957736764,0.2386127946127946,0.52,265.0
B,9,46,217.58,43.76052559099353,0.2506936026936027,0.59,265.0
B,9,47,223.84,37.7721378796594,0.25736026936026934,0.63,265.0
B,9,48,224.55,36.46679996928714,0.2426127946127946,0.6,265.0
B,9,49,209.58,48.47291614912393,0.2494949494949495,0.5,265.0
B,9,50,216.31,42.01920870268739,0.2923771043771044,0.53,265.0
B,9,51,216.21,40.06776634652848,0.2836228956228956,0.58,265.0
B,9,52,225.08,34.91294315866252,0.2677845117845118,0.6,265.0
B,9,53,218.01,43.17093814130057,0.29055892255892257,0.55,265.0
B,9,54,217.92,42.67403894641331,0.2887811447811448,0.57,265.0
B,9,55,217.04,35.46150589019028,0.2812794612794613,0.58,265.0
B,9,56,221.17,33.32688254247613,0.27706397306397307,0.56,265.0
B,9,57,228.04,39.00844011236543,0.2702222222222222,0.58,265.0
B,9,58,220.23,42.9084735221378,0.27135353535353535,0.57,265.0
B,9,59,216.42,38.120645325072864,0.26847138047138047,0.49,265.0
B,9,60,215.37,47.780886345901955,0.27935353535353535,0.52,265.0
B,9,61,217.03,43.4615818856148,0.29169023569023567,0.57,265.0
B,9,62,211.42,44.0207178496671,0.2884175084175084,0.54,265.0
B,9,63,215.37,49.49679888639265,0.27321212121212124,0.51,265.0
B,9,64,219.09,34.04969750232738,0.298020202020202,0.5,265.0
B,9,65,217.12,39.00571240215976,0.2995555555555556,0.53,265.0
B,9,66,217.05,46.225182530737506,0.33094949494949494,0.53,265.0
B,9,67,221.07,37.77307374307789,0.28593939393939394,0.6,265.0
B,9,68,225.4,35.98499687369724,0.25032996632996635,0.62,265.0
B,9,69,221.41,40.12482897159813,0.24107744107744108,0.58,265.0
B,9,70,222.63,35.809120346637954,0.2697239057239057,0.57,265.0
B,9,71,225.25,36.591904842464814,0.25295622895622893,0.56,265.0
B,9,72,219.24,44.05249595652896,0.26191245791245793,0.53,265.0
B,9,73,215.72,36.153583501500925,0.26694949494949494,0.54,265.0
B,9,74,219.26,37.64163120801223,0.2823030303030303,0.57,265.0
B,9,75,215.14,43.663719493419244,0.3068148148148148,0.54,265.0
B,9,76,220.3,33.370795615328085,0.31092255892255893,0.55,265.0
B,9,77,224.66,29.19356778470216,0.3094006734006734,0.66,265.0
B,9,78,216.74,41.222474452657494,0.31711784511784513,0.62,265.0
B,9,79,216.8,38.1143017776792,0.2879191919191919,0.53,265.0
B,9,80,208.92,47.77335659130516,0.31783164983164985,0.51,265.0
B,9,81,217.57,37.760099311310086,0.3112053872053872,0.6,265.0
B,9,82,212.1,50.287473589354235,0.3204040404040404,0.61,265.0
B,9,83,211.69,38.97401570277305,0.29678114478114476,0.44,265.0
B,9,84,214.79,42.23867777286595,0.30944107744107746,0.52,265.0
B,9,85,222.84,39.208346050299035,0.2974680134680135,0.58,265.0
B,9,86,223.29,38.9271871575638,0.2881616161616162,0.61,265.0
B,9,87,227.12,30.433297553830737,0.26956228956228956,0.59,265.0
B,9,88,219.59,43.245368538145215,0.27806060606060606,0.54,265.0
B,9,89,225.56,36.97250870579383,0.2622895622895623,0.63,265.0
B,9,90,214.23,39.268525564375345,0.26536026936026935,0.56,265.0
B,9,91,222.24,37.5156287432318,0.29323905723905724,0.53,265.0
B,9,92,223.33,31.428030482357624,0.3034074074074074,0.48,265.0
B,9,93,220.68,36.72516303571708,0.2906801346801347,0.54,265.0
B,9,94,214.16,44.63534922009684,0.30907744107744106,0.54,265.0
B,9,95,219.97,38.18179016232738,0.28379797979797977,0.52,265.0
B,9,96,223.6,36.805977775356006,0.2913265993265993,0.61,265.0
B,9,97,222.3,42.79754665865789,0.2837710437710438,0.6,265.0
B,9,98,218.22,34.338485697537685,0.2939124579124579,0.6,265.0
B,9,99,215.68,44.23005313132689,0.283973063973064,0.58,265.0
B,9,100,226.85,39.053392938386274,0.26596632996632996,0.65,265.0
B,9,101,224.14,37.424328985300455,0.24537373737373738,0.58,265.0
B,9,102,221.98,49.04833942143199,0.22643771043771044,0.57,265.0
B,9,103,224.69,40.9440337534054,0.21818181818181817,0.65,265.0
B,9,104,221.34,49.20410958446459,0.20453872053872055,0.57,265.0
B,9,105,232.59,34.34649763804164,0.20202020202020202,0.66,265.0
B,9,106,222.09,44.333755762398475,0.2123097643097643,0.55,265.0
B,9,107,229.39,34.09776972178679,0.2207003367003367,0.68,265.0
B,9,108,230.65,28.84488689525407,0.23753535353535354,0.59,265.0
B,9,109,215.61,52.8262993214554,0.2508148148148148,0.58,265.0
B,9,110,217.86,40.890101491681335,0.2799191919191919,0.55,265.0
B,9,111,224.55,36.57987834862221,0.26362289562289565,0.59,265.0
B,9,112,223.04,40.11556306472589,0.2518922558922559,0.55,265.0
B,9,113,216.85,42.86685782746387,0.26746127946127946,0.6,265.0
B,9,114,225.8,40.864165230676136,0.2371851851851852,0.61,265.0
B,9,115,226.58,46.411244327210184,0.26115824915824914,0.52,265.0
B,9,116,227.72,40.20797930759515,0.22523905723905724,0.59,265.0
B,9,117,225.81,37.49071751780699,0.22433670033670033,0.59,265.0
B,9,118,228.09,40.74483893697458,0.22004040404040404,0.6,265.0
B,9,119,228.69,36.64578966266111,0.2187744107744108,0.58,265.0
B,9,120,228.07,37.77730932716092,0.2105993265993266,0.56,265.0
B,9,121,226.39,40.35291687102681,0.22064646464646465,0.52,265.0
B,9,122,215.97,46.57884820387898,0.2560808080808081,0.53,265.0
B,9,123,220.6,42.92342018059605,0.22864646464646465,0.55,265.0
B,9,124,223.7,33.00621153661837,0.25065319865319863,0.57,265.0
B,9,125,216.78,41.208392349132,0.2778720538720539,0.54,265.0
B,9,126,217.11,37.6711812928663,0.2717710437710438,0.58,265.0
B,9,127,219.82,39.08820282387001,0.27784511784511784,0.52,265.0
B,9,128,212.77,42.51960841776415,0.2973602693602694,0.51,265.0
B,9,129,211.58,48.1493883657934,0.2767676767676768,0.47,265.0
B,9,130,222.99,36.635637021894404,0.25396632996632995,0.58,265.0
B,9,131,224.12,33.67707825806746,0.24297643097643098,0.62,265.0
B,9,132,219.09,46.86215850769147,0.2851851851851852,0.59,265.0
B,9,133,216.38,37.55203855984385,0.2991245791245791,0.53,265.0
B,9,134,213.79,47.31179451257371,0.3028552188552189,0.5,265.0
B,9,135,212.13,46.47249831889824,0.2857239057239057,0.52,265.0
B,9,136,214.39,39.670617590352684,0.282006734006734,0.6,265.0
B,9,137,212.56,47.84314370941776,0.2833670033670034,0.61,265.0
B,9,138,216.81,38.832382105660216,0.3159461279461279,0.57,265.0
B,9,139,216.6,39.91140187966341,0.3176026936026936,0.54,265.0
B,9,140,211.35,38.12646718488352,0.30895622895622893,0.56,265.0
B,9,141,218.88,34.956624551006065,0.3006599326599327,0.58,265.0
B,9,142,207.78,48.576862805249164,0.32226262626262625,0.47,265.0
B,9,143,216.36,41.59531704410966,0.2942760942760943,0.54,265.0
B,9,144,219.55,38.52930702724875,0.26810774410774413,0.65,265.0
B,9,145,221.68,41.71112081927313,0.27260606060606063,0.65,265.0
B,9,146,217.09,43.138635815241074,0.2772255892255892,0.61,265.0
B,9,147,224.82,36.48681405658762,0.2743164983164983,0.58,265.0
B,9,148,223.54,43.04170535654925,0.2655757575757576,0.57,265.0
B,9,149,219.24,43.63097981938981,0.25656565656565655,0.61,265.0
B,9,150,220.18,38.29657425932508,0.2896969696969697,0.56,265.0
B,9,151,215.99,42.71966643128197,0.2927272727272727,0.55,265.0
B,9,152,217.75,44.181076265749795,0.2713939393939394,0.6,265.0
B,9,153,218.98,45.58222899332589,0.2661279461279461,0.5,265.0
B,9,154,220.44,42.05075980288584,0.25462626262626264,0.52,265.0
B,9,155,222.06,40.61793200053395,0.24556228956228957,0.54,265.0
B,9,156,223.31,39.33082633253464,0.22036363636363637,0.58,265.0
B,9,157,217.92,49.6025563857348,0.20973737373737375,0.61,265.0
B,9,158,222.32,46.540494195915024,0.1881077441077441,0.63,265.0
B,9,159,231.63,32.36777873132477,0.202006734006734,0.64,265.0
B,9,160,227.0,41.272751301554884,0.1896969696969697,0.71,265.0
B,9,161,216.37,41.44723271824068,0.22600673400673402,0.64,265.0
B,9,162,222.24,38.496524518454905,0.26152188552188554,0.65,265.0
B,9,163,218.12,48.950031664954004,0.26371717171717174,0.6,265.0
B,9,164,223.05,41.29512683114074,0.25512457912457914,0.52,265.0
B,9,165,225.44,36.47117217748834,0.2602424242424242,0.4,265.0
B,9,166,213.75,40.50416645235401,0.27924579124579124,0.51,265.0
B,9,167,220.66,36.14560000885309,0.2835690235690236,0.53,265.0
B,9,168,225.15,33.78501886931544,0.2698989898989899,0.59,265.0
B,9,169,212.85,44.887721038163654,0.297010101010101,0.48,265.0
B,9,170,213.78,39.23023833728263,0.2942222222222222,0.37,265.0
B,9,171,217.83,38.49858568830808,0.2823299663299663,0.51,265.0
B,9,172,215.39,42.36127830932394,0.3067878787878788,0.54,265.0
B,9,173,212.87,44.195623086455065,0.29733333333333334,0.63,265.0
B,9,174,222.92,37.425841339908445,0.27665993265993266,0.69,265.0
B,9,175,219.57,48.55373415093838,0.27306397306397306,0.56,265.0
B,9,176,222.92,44.93143220508334,0.26731313131313134,0.55,265.0
B,9,177,228.74,38.385314900362616,0.21837037037037038,0.6,265.0
B,9,178,227.03,36.49505582952299,0.2211986531986532,0.61,265.0
B,9,179,226.48,36.79197738638139,0.20841750841750842,0.67,265.0
B,9,180,224.94,37.496351822544014,0.2146936026936027,0.63,265.0
B,9,181,221.03,34.69335815397523,0.23084175084175085,0.59,265.0
B,9,182,219.17,38.78583633235205,0.24701683501683502,0.64,265.0
B,9,183,228.12,34.316841346487585,0.24855218855218855,0.64,265.0
B,9,184,223.96,37.15425143910183,0.2411851851851852,0.53,265.0
B,9,185,220.79,34.484864796023196,0.2587878787878788,0.5,265.0
B,9,186,217.17,47.386929632547414,0.28005387205387205,0.62,265.0
B,9,187,220.17,39.05510337971211,0.2858855218855219,0.56,265.0
B,9,188,221.72,42.18295390320597,0.2705858585858586,0.57,265.0
B,9,189,213.01,42.367557163471204,0.2764713804713805,0.63,265.0
B,9,190,221.6,31.9799937460907,0.26805387205387204,0.54,265.0
B,9,191,219.71,36.95951704229914,0.28645117845117846,0.6,265.0
B,9,192,213.17,39.45885325247048,0.3051986531986532,0.51,265.0
B,9,193,221.99,41.22802323662875,0.273979797979798,0.5,265.0
B,9,194,219.28,40.086426630469326,0.2844713804713805,0.54,265.0
B,9,195,214.86,36.08684524864982,0.2879057239057239,0.47,265.0
B,9,196,218.1,41.56091914286786,0.287030303030303,0.46,265.0
B,9,197,222.84,34.41880881146237,0.2714747474747475,0.47,265.0
B,9,198,217.1,43.78846880172907,0.26805387205387204,0.54,265.0
B,9,199,224.18,37.53568435502409,0.2585993265993266,0.5,265.0
B,9,200,221.96,37.08744261876249,0.25505723905723904,0.51,265.0
